verse,label
2024,1
All you have to be is yourself,1
Believe in your flyness...conquer your shyness.,1
Burn that excel spread sheet,1
Decentralize,1
Distraction is the enemy of vision,1
Everything you do in life stems from either fear or love,1
For me giving up is way harder than trying.,1
"For me, money is not my definition of success. Inspiring people is a definition of success",1
Fur pillows are hard to actually sleep on,1
George Bush doesn't care about black people,1
Have you ever thought you were in love with someone but then realized you were just staring in a mirror for 20 minutes?,1
I care. I care about everything. Sometimes not giving a f#%k is caring the most.,1
I feel calm but energized,1
I feel like I'm too busy writing history to read it.,1
I feel like me and Taylor might still have sex,1
I give up drinking every week,1
I leave my emojis bart Simpson color,1
I love sleep; it's my favorite.,1
I make awesome decisions in bike stores!!!,1
I really love my Tesla. I'm in the future. Thank you Elon.,1
I still think I am the greatest.,1
I think I do myself a disservice by comparing myself to Steve Jobs and Walt Disney and human beings that we've seen before. It should be more like Willy Wonka...and welcome to my chocolate factory.,1
I want the world to be better! All I want is positive! All I want is dopeness!,1
I wish I had a friend like me,1
I'd like to meet with Tim Cook. I got some ideas,1
I'll say things that are serious and put them in a joke form so people can enjoy them. We laugh to keep from crying.,1
I'm a creative genius,1
I'm nice at ping pong,1
I'm the best,1
"If I don't scream, if I don't say something then no one's going to say anything.",1
If I got any cooler I would freeze to death,1
If you have the opportunity to play this game of life you need to appreciate every moment. a lot of people don't appreciate the moment until it's passed.,1
Just stop lying about shit. Just stop lying.,1
Keep squares out yo circle,1
"Keep your nose out the sky, keep your heart to god, and keep your face to the rising sun.",1
Let's be like water,1
Man... whatever happened to my antique fish tank?,1
My dad got me a drone for Christmas,1
My greatest award is what I'm about to do.,1
My greatest pain in life is that I will never be able to see myself perform live.,1
One day I'm gon' marry a porn star,1
One of my favorite of many things about what the Trump hat represents to me is that people can't tell me what to do because I'm black,1
Only free thinkers,1
People always say that you can't please everybody. I think that's a cop-out. Why not attempt it? Cause think of all the people that you will please if you try.,1
People always tell you 'Be humble. Be humble.' When was the last time someone told you to be amazing? Be great! Be awesome! Be awesome!,1
People only get jealous when they care.,1
Perhaps I should have been more like water today,1
Pulling up in the may bike,1
Shut the fuck up I will fucking laser you with alien fucking eyes and explode your fucking head,1
Sometimes I push the door close button on people running towards the elevator. I just need my own elevator sometimes. My sanctuary.,1
Sometimes you have to get rid of everything,1
Style is genderless,1
The thought police want to suppress freedom of thought,1
The world is our family,1
The world is our office,1
Today is the best day ever and tomorrow's going to be even better,1
Truth is my goal. Controversy is my gym. I'll do a hundred reps of controversy for a 6 pack of truth,1
Tweeting is legal and also therapeutic,1
We all self-conscious. I'm just the first to admit it.,1
We came into a broken world. And we're the cleanup crew.,1
You can't look at a glass half full or empty if it's overflowing.,1
I hate when I'm on a flight and I wake up with a water bottle next to me like oh great now I gotta be responsible for this water bottle,1
All the musicians will be free,1
Artists are founders,1
Buy property,1
Culture is the most powerful force in humanity under God,1
Empathy is the glue,1
I am one of the most famous people on the planet,1
I am running for President of the United States,1
I am the head of Adidas. I will bring Adidas and Puma back together and bring me and jay back together,1
I am Warhol. I am the No. 1 most impactful artist of our generation. I am Shakespeare in the flesh.,1
I channel Will Ferrell when I'm at the daddy daughter dances,1
I don't wanna see no woke tweets or hear no woke raps ... it's show time ... it's a whole different energy right now,1
I hear people say this person is cool and this person is not cool. People are cool. Man has never invented anything as awesome as a an actual person but sometimes we value the objects we create over life itself,1
I honestly need all my Royeres to be museum quality... if I see a fake Royere Ima have to Rick James your couch,1
I love UZI. I be saying the same thing about Steve Jobs. I be feeling just like UZI,1
I need an army of angels to cover me while I pull this sword out of the stone,1
I spoke to Dave Chapelle for two hours this morning. He is our modern day Socrates,1
I was just speaking with someone that told me their life story and they used to be homeless.,1
I watch Bladerunner on repeat,1
I'm giving all Good music artists back the 50% share I have of their masters,1
I'm going to personally see to it that Taylor Swift gets her masters back. Scooter is a close family friend,1
I'm the new Moses,1
Life is the ultimate gift,1
Ma$e is one of my favorite rappers and I based a lot of my flows off of him,1
Manga all day,1
My first pillar when I'm on the board of adidas will be an adidas Nike collaboration to support community growth,1
My mama was a' English teacher. I know how to use correct English but sometimes I just don't feel like it aaaand I ain't got to,1
My memories are from the future,1
My mother in law Kris Jenner ... makes the best music playlist,1
People say it's enough and I got my point across ... the point isn't across until we cross the point,1
People tried to talk me out of running for President. Never let weak controlling people kill your spirit,1
So many of us need so much less than we have especially when so many of us are in need,1
Speak God's truth to power,1
The media tries to kill our heroes one at a time,1
The world needs more Joy... this idea is super fresh,1
"There are 5 main pillars in a professional musicians business - Recording, Publishing, Touring, Merchandise & Name and likeness",1
There are people sleeping in parking lots,1
There's a crying need for civility across the board. We need to and will come together in the name of Jesus.,1
There's so many lonely emojis man,1
Trust me ... I won't stop,1
Two years ago we had 50 million people subscribed to music streaming services around the world. Today we have 400 million.,1
We are here to complete the revolution. We are building the future,1
We as a people will heal. We will insure the well being of each other,1
We have to evolve,1
We must and will cure homelessness and hunger. We have the capability as a species,1
We must form a union. We must unify,1
We used to diss Michael Jackson the media made us call him crazy ... then they killed him,1
We will be recognized,1
We will change the paradigm,1
We will cure hunger,1
We will heal. We will cure.,1
We're going to move the entire music industry into the 21st Century,1
We've gotten comfortable with not having what we deserve,1
Who made up the term major label in the first place???,1
Winning is the only option,1
For me to say I wasn't a genius I'd just be lying to you and to myself,1
I've known my mom since I was zero years old. She is quite dope.,1
I don't expect to be understood at all.,1
"I'm on the pursuit of awesomeness, excellence is the bare minimum.",1
You basically can say anything to someone on an email or text as long as you put LOL at the end.,1
"Success is the result of preparation, hard work, and learning from failure.",0
Consistency is more important than short bursts of motivation.,0
Great ideas come from deep focus and persistence.,0
Discipline always beats motivation in the long run.,0
Your habits shape your future more than your goals.,0
Small progress every day leads to big results.,0
"Failure is a teacher, not a verdict.",0
Confidence grows when you keep promises to yourself.,0
Hard work creates opportunities that luck cannot.,0
Patience and effort build real success.,0
Learning never exhausts the mind.,0
Growth begins at the edge of discomfort.,0
Dreams work only when you do.,0
"Focus on progress, not perfection.",0
Success is built on invisible effort.,0
Your mindset decides your limits.,0
Work in silence and let results speak.,0
Clear goals make hard work easier.,0
"Greatness is trained daily, not born overnight.",0
Action turns ideas into reality.,0
Learning never exhausts the mind. (478),0
Work in silence and let results speak. (411),0
Consistency is more important than short bursts of motivation. (430),0
Clear goals make hard work easier. (472),0
Dreams work only when you do. (996),0
Hard work creates opportunities that luck cannot. (835),0
Work in silence and let results speak. (411) (794),0
"Focus on progress, not perfection. (139)",0
Consistency is more important than short bursts of motivation. (78),0
Learning never exhausts the mind. (478) (66),0
Consistency is more important than short bursts of motivation. (78) (806),0
Dreams work only when you do. (996) (887),0
"Focus on progress, not perfection. (139) (474)",0
Action turns ideas into reality. (364),0
Patience and effort build real success. (104),0
Patience and effort build real success. (134),0
Patience and effort build real success. (134) (742),0
Consistency is more important than short bursts of motivation. (78) (806) (96),0
Patience and effort build real success. (134) (742) (559),0
Consistency is more important than short bursts of motivation. (78) (806) (654),0
"Greatness is trained daily, not born overnight. (814)",0
"Focus on progress, not perfection. (139) (474) (752)",0
Patience and effort build real success. (134) (742) (734),0
"Focus on progress, not perfection. (945)",0
Consistency is more important than short bursts of motivation. (635),0
Clear goals make hard work easier. (472) (651),0
Learning never exhausts the mind. (469),0
"Greatness is trained daily, not born overnight. (814) (223)",0
"Failure is a teacher, not a verdict. (50)",0
Consistency is more important than short bursts of motivation. (78) (806) (541),0
Consistency is more important than short bursts of motivation. (78) (806) (96) (73),0
Dreams work only when you do. (996) (480),0
Consistency is more important than short bursts of motivation. (635) (878),0
Consistency is more important than short bursts of motivation. (78) (806) (562),0
Action turns ideas into reality. (641),0
Consistency is more important than short bursts of motivation. (635) (375),0
Clear goals make hard work easier. (472) (651) (827),0
Consistency is more important than short bursts of motivation. (78) (806) (96) (47),0
Your mindset decides your limits. (634),0
"Greatness is trained daily, not born overnight. (814) (223) (680)",0
Clear goals make hard work easier. (472) (651) (800),0
"Greatness is trained daily, not born overnight. (990)",0
Consistency is more important than short bursts of motivation. (78) (806) (541) (248),0
Clear goals make hard work easier. (346),0
"Success is the result of preparation, hard work, and learning from failure. (826)",0
Learning never exhausts the mind. (478) (66) (120),0
"Greatness is trained daily, not born overnight. (814) (329)",0
Clear goals make hard work easier. (472) (834),0
Learning never exhausts the mind. (246),0
Clear goals make hard work easier. (472) (651) (800) (934),0
Learning never exhausts the mind. (880),0
Action turns ideas into reality. (364) (429),0
Consistency is more important than short bursts of motivation. (635) (607),0
Your mindset decides your limits. (584),0
"Focus on progress, not perfection. (139) (236)",0
Action turns ideas into reality. (364) (429) (542),0
"Success is the result of preparation, hard work, and learning from failure. (153)",0
Clear goals make hard work easier. (472) (834) (407),0
Consistency is more important than short bursts of motivation. (635) (878) (964),0
"Greatness is trained daily, not born overnight. (990) (848)",0
Clear goals make hard work easier. (346) (682),0
"Greatness is trained daily, not born overnight. (814) (329) (767)",0
Learning never exhausts the mind. (880) (728),0
Great ideas come from deep focus and persistence. (943),0
Clear goals make hard work easier. (940),0
Consistency is more important than short bursts of motivation. (635) (878) (964) (330),0
Action turns ideas into reality. (364) (429) (542) (13),0
"Greatness is trained daily, not born overnight. (814) (467)",0
Your mindset decides your limits. (634) (553),0
Consistency is more important than short bursts of motivation. (78) (806) (96) (126),0
Learning never exhausts the mind. (880) (932),0
"Focus on progress, not perfection. (139) (813)",0
Learning never exhausts the mind. (643),0
Dreams work only when you do. (595),0
Action turns ideas into reality. (364) (429) (22),0
Dreams work only when you do. (996) (480) (93),0
Dreams work only when you do. (996) (887) (114),0
Learning never exhausts the mind. (478) (66) (281),0
Action turns ideas into reality. (364) (951),0
Patience and effort build real success. (184),0
"Focus on progress, not perfection. (139) (474) (752) (349)",0
Learning never exhausts the mind. (880) (932) (839),0
Hard work creates opportunities that luck cannot. (835) (820),0
Learning never exhausts the mind. (246) (532),0
Patience and effort build real success. (134) (742) (734) (143),0
Clear goals make hard work easier. (940) (33),0
"Focus on progress, not perfection. (945) (565)",0
Learning never exhausts the mind. (473),0
Patience and effort build real success. (184) (713),0
Action turns ideas into reality. (364) (951) (562),0
Consistency is more important than short bursts of motivation. (485),0
"Greatness is trained daily, not born overnight. (814) (329) (56)",0
"Focus on progress, not perfection. (608)",0
"Greatness is trained daily, not born overnight. (814) (329) (56) (476)",0
Consistency is more important than short bursts of motivation. (635) (607) (781),0
"Focus on progress, not perfection. (139) (206)",0
Consistency is more important than short bursts of motivation. (635) (607) (781) (309),0
Clear goals make hard work easier. (472) (651) (827) (136),0
Action turns ideas into reality. (364) (476),0
Clear goals make hard work easier. (472) (651) (800) (627),0
"Focus on progress, not perfection. (945) (672)",0
Patience and effort build real success. (181),0
Action turns ideas into reality. (364) (429) (542) (13) (554),0
Patience and effort build real success. (134) (742) (734) (352),0
"Focus on progress, not perfection. (945) (144)",0
"Greatness is trained daily, not born overnight. (990) (848) (186)",0
"Focus on progress, not perfection. (139) (813) (749)",0
Action turns ideas into reality. (364) (951) (30),0
Clear goals make hard work easier. (472) (651) (827) (136) (769),0
Clear goals make hard work easier. (472) (651) (827) (136) (769) (378),0
Clear goals make hard work easier. (472) (651) (800) (934) (564),0
"Focus on progress, not perfection. (139) (474) (752) (161)",0
"Focus on progress, not perfection. (608) (515)",0
Learning never exhausts the mind. (469) (25),0
Dreams work only when you do. (996) (817),0
Dreams work only when you do. (996) (92),0
Consistency is more important than short bursts of motivation. (78) (806) (562) (855),0
Hard work creates opportunities that luck cannot. (410),0
"Focus on progress, not perfection. (139) (206) (991)",0
"Greatness is trained daily, not born overnight. (990) (848) (186) (519)",0
Patience and effort build real success. (184) (224),0
Consistency is more important than short bursts of motivation. (635) (878) (964) (330) (12),0
Action turns ideas into reality. (364) (429) (542) (13) (819),0
Dreams work only when you do. (996) (480) (93) (217),0
Consistency is more important than short bursts of motivation. (485) (469),0
Learning never exhausts the mind. (469) (25) (208),0
Consistency is more important than short bursts of motivation. (635) (375) (180),0
Clear goals make hard work easier. (472) (651) (827) (136) (886),0
Action turns ideas into reality. (364) (951) (562) (627),0
Action turns ideas into reality. (364) (476) (912),0
Patience and effort build real success. (184) (254),0
Learning never exhausts the mind. (478) (66) (698),0
"Focus on progress, not perfection. (139) (206) (991) (814)",0
"Focus on progress, not perfection. (139) (474) (752) (94)",0
Hard work creates opportunities that luck cannot. (835) (55),0
"Focus on progress, not perfection. (139) (813) (157)",0
Clear goals make hard work easier. (472) (651) (827) (593),0
Success is built on invisible effort. (878),0
Patience and effort build real success. (184) (224) (41),0
"Focus on progress, not perfection. (139) (206) (991) (441)",0
Consistency is more important than short bursts of motivation. (635) (878) (964) (330) (12) (194),0
Dreams work only when you do. (996) (887) (597),0
Success is built on invisible effort. (878) (656),0
"Greatness is trained daily, not born overnight. (814) (329) (767) (469)",0
Learning never exhausts the mind. (478) (66) (281) (457),0
Action turns ideas into reality. (364) (972),0
"Greatness is trained daily, not born overnight. (814) (223) (936)",0
Action turns ideas into reality. (364) (429) (542) (669),0
Patience and effort build real success. (399),0
Consistency is more important than short bursts of motivation. (430) (327),0
Learning never exhausts the mind. (880) (932) (554),0
Clear goals make hard work easier. (346) (682) (804),0
Clear goals make hard work easier. (472) (651) (800) (934) (399),0
Learning never exhausts the mind. (643) (353),0
"Focus on progress, not perfection. (945) (565) (799)",0
"Focus on progress, not perfection. (139) (813) (157) (466)",0
Action turns ideas into reality. (364) (429) (542) (151),0
Learning never exhausts the mind. (478) (66) (980),0
Consistency is more important than short bursts of motivation. (430) (547),0
Consistency is more important than short bursts of motivation. (635) (878) (696),0
Action turns ideas into reality. (364) (429) (542) (13) (554) (902),0
Consistency is more important than short bursts of motivation. (78) (556),0
Small progress every day leads to big results. (271),0
Success is built on invisible effort. (332),0
"Focus on progress, not perfection. (608) (515) (841)",0
"Focus on progress, not perfection. (139) (813) (749) (606)",0
Action turns ideas into reality. (364) (429) (542) (13) (920),0
Learning never exhausts the mind. (996),0
Hard work creates opportunities that luck cannot. (835) (409),0
Learning never exhausts the mind. (880) (728) (250),0
Clear goals make hard work easier. (346) (949),0
Consistency is more important than short bursts of motivation. (78) (806) (96) (47) (117),0
"Greatness is trained daily, not born overnight. (646)",0
"Focus on progress, not perfection. (945) (565) (799) (398)",0
Great ideas come from deep focus and persistence. (310),0
Small progress every day leads to big results. (508),0
Discipline always beats motivation in the long run. (35),0
Patience and effort build real success. (399) (74),0
Dreams work only when you do. (996) (887) (114) (333),0
Consistency is more important than short bursts of motivation. (78) (806) (96) (73) (914),0
Let’s always remember this as my final tweet #ye24 https://t.co/ORzB5tdINd,1
Let’s break one last window before we get outa here I caught this guy with Kim Good night https://t.co/1rqdJ5szrj,1
RT @PopBase: Kanye West promotes his 2024 Presidential campaign with symbol that seems to be a swastika inside the Star of David. https://t…,1
RT @basil_bobby: the clues were there all along https://t.co/5Pgzjp0Zk,1
Well everyone We had a nice run Jesus is King https://t.co/IbHhKIubOF,1
Never turn our backs Demna and the Balenciaga family for life Cancel cancel culture Jesus please heal https://t.co/GWmXL7Jry,1
I stand by Balenciaga and denounce all witch hunts and I cancel cancel culture Jesus is King Ending trafficking doesn’t start or end with a fashion campaign for Christ Sake https://t.co/Qb0VGHC1A4,1
He’s done miracles on me https://t.co/D304MDXP4K,1
The use of Porn destroyed my family but Jesus will heal everythin,1
Remove any and all forms of pornography from Twitter and every platform Pornography is the product of pediphilia When grown men look at porn they are watching someone’s daughter relive trauma for money,1
God loves Balenciaga Love is the answer Jesus is the answer Praying for all of the innocent artist and beautiful humans who make clothing that had nothing to do with the adds Peoples grandmothers work their for Christ sak,1
What is it about Miami that makes me feel like Scarface Pluto call it Skiami #YE24 The war is over Time to Love #LOVESPEECH,1
Waves #YE24 https://t.co/AN6RwOPYac,1
RT @ye4us: @WORLDSTAR @kanyewest Presidential Posturing #YE24 https://t.co/rNcA15dgW,1
RT @WORLDSTAR: #KanyeWest praying for world peace! 👀💯🙏 @kanyewest https://t.co/Oi3dBvnSmI,1
"RT @KeenerMB: Whether you took something away from the Alex Jones, Kanye West, Ali Alexander, Nick Fuentes, Laura Loomer mash up—or you tho…",1
REBORN YE24 https://t.co/Hv9cW8P0NY,1
"RT @courrielche: Opinion: What Ye did today was the Christian version of what many punks did in the 80s. ""Fuck your villains!"" A rebellion…",1
YE24 LOVE EVERYONE #LOVESPEECH https://t.co/PSJ47gJGh3,1
YE24 https://t.co/JQGsbr5Ny,1
RT @MajestyRia: Uh Oh! Alex Jones on Kyrie & Black Jews https://t.co/IdTibC8kBE,1
"RT @MajestyRia: Ye said he love everybody, even Nazi’s bc they invented the microphones he use. He said he love everybody even the surgeon…",1
RT @CelticsGRD: Jaylen Brown on playing in front of the Prince and Princess: https://t.co/iyzc8yM5,1
RT @Iightworks: he had alex jones stress laughing you know how crazy that is https://t.co/nx8M4hzE5v,1
"A PRAYER FOR WORLD PEACE
Dear God, thank You for all creation. In the spirit of Jesus of Nazareth and all teachers of peace who inspire the many faith traditions, help me, and all the people of the world, learn how to replace hate, war, oppression, and division with love https://t.co/xJL4yylDQ",1
RT @dondatimes: Kanye is on InfoWars with a Holy Bible in his hand https://t.co/Eh2lPvnsf1,1
https://t.co/CaIui6yzh7,1
RT @LegendaryEnergy: Stalin & Hitler were both Time Magazine Man of the Year. Alyssa Milano switched from a Tesla to a car founded by Nazis…,1
RT @LegendaryEnergy: Well that wraps up the craziest interview in modern history. Download it. Save it. That’s a free man walking. The most…,1
"RT @JustMattBentley: Kanye only has about 50,000 chances left and then I’m don",1
"RT @LegendaryEnergy: Ye said he loves everyone & everyone can be healed.
“I love Jewish people. But I also love Nazis.” This is going to b…",1
Praise God https://t.co/WOqoc6fWyK,1
Jesus is King https://t.co/DWZySRI9VG,1
"INVESTIGATE THE CIVIL RIGHTS AND DUE PROCESS VIOLATIONS OF THE J6 POLITICAL PRISONERS
Why were the only people killed unarmed protestors that day?
FREE ALEX
FREE NICHOLAS
FREE SPEECH
FREE @ALI",1
"Christ is King — America First, GROYPER! - NJF
Check us out
https://t.co/D0XV0kG871
https://t.co/6bXActvFMe
https://t.co/O15RIXBjDF",1
I love the first amendment! Long live Ye! I pray to Jesus that Elon is for real…,1
"RT @pulte: Every human being should have the right to food, water, shelter, medicine, education, and freedom!",1
RT @elonmusk: What’s going on here @tim_cook?,1
RT @kanyewest: https://t.co/LJvIF7iQgm https://t.co/u1xYHYzeLH,1
RT @MarcACaputo: Some in Trump World want his 2016 senior adviser Karen Giorno put on a “block list” keeping her from all his properties af…,1
"As much as Ben and I disagree I pray he joins me in saving our country
You know what they say
love your enema …. I mean …. uuuugh
Spelling’s not my core competency when I’m sleepy
If Nick keeps tweeting from my account the only platform I’ll have left is Truth Socia",1
"RT @AlexDwyerKS: DailyWire tries to own Ye by admitting they sell all their subscriber data to whoever will pay for it.
Good to know your…",1
"RT @AlexDwyerKS: DailyWire tries to own Ye by admitting they sell all their subscriber data to whoever will pay for it.
Good to know your…",1
"Shapiro starvingly accepts $100,000 from one of my opponents then tries to trash me https://t.co/Bgzoqp19X",1
"RT @DiedSuddenly_: Music mogul Jonathan ""Hovain"" Hylton #diedsuddenly at his home after thanksgiving with his family. He was a household na…",1
"RT @RealDSchmidt: This is incredible. God has stepped in.
Ye is the only figure who can out-influence Trump and get him to address the iss…",1
RT @Phil_Lewis_: JPMorgan Chase and Deutsche Bank have been accused of profiting from and facilitating the sexual abuse of young women and…,1
#YE24 https://t.co/OR60id12oS,1
https://t.co/LJvIF7iQgm https://t.co/u1xYHYzeLH,1
RT @CassandraRules: I don’t think anyone has any idea how popular this man is. https://t.co/4OyHjiFUk,1
#YE24 https://t.co/RIcpo3bYlX,1
#YE24 https://t.co/IvLlvnr1RR,1
RT @DarrenJBeattie: Kanye showing love to the J6 prisoners,1
#YE24 https://t.co/zLPDNghQKD,1
#YE24 https://t.co/LuZ2YfncS,1
#YE24 https://t.co/DyIhMU5By6,1
"First time at Mar-a-Lago
Rain and traffic
Can’t believe I kept President Trump waiting
And I had on jeans Yikes
What you guys think his response was when I asked him to be my running mate in 2024?",1
Shalom : ),1
Testing Testing Seeing if my Twitter is unblocked,1
This is what’s happening? https://t.co/qkN8N2JQB0,1
I'm starting to think anti Semitic means nigger https://t.co/84CpDm9gvJ,1
Enough already I done gave this man his flowers multiple times Let’s really see who are real ops are in this music game Imagine all the rappers on the same side and everyone cleaning up each others contracts It’s kingdom time Love Drake #lovespeech https://t.co/egWA2VyV9Y,1
I’m a bit sleepy but tomorrow…. : ))) I promise it will be allll love speech guys I promise https://t.co/sHn1O2YK8v,1
Since Lex asked me to be specific… this is a hero of mine David Simon He’s never done anything wrong to me and neither has Jamie I know this is random to post while I’m at war But I have to say I love David Simon Now let’s move on to Scooter ….. https://t.co/HpXerr0eRk,1
"Jamie then said he’s actually got the 51 percent on both those deals
We as the creators and talent get so caught up in our vanity that we don’t read or understand the fine print
Like Dave Chapelle said, we need to stop giving up control over our own names and our likeness https://t.co/7eAkBn6goE",1
"Shaq is in business with Jamie Salter
Jaimie first said he’s 50/50 with David Beckham and 50/50 with Shaq
I said “Jamie . . . There’s no such thing as 50/50 in business . . . Who has the extra 1 percent for the control and voting rights” https://t.co/M36WhsMFf1",1
They make us attack each other Even our brothers who know who we truly are https://t.co/iCC2KQRpY,1
They make us bully ourselves because of our business alignments https://t.co/NG5c0V1Wa8,1
This in not hate We are love God is love https://t.co/gjdSuQ9IC,1
This shows Harley admitting to knowing the truth of our origin but then later dismissing the facts within the same text chain Mind you This is how a Hollywood trainer speaks to a far more influential black celebrity when we get out of line https://t.co/iywzCiAViJ,1
"I was told that if I expose the truth of the bad business practices everything is gonna be taken from me Including my black children
And everyone has bore whiteness to the public Emmett Tilling of Ye
But GOD has put something on my heart not to backdown https://t.co/HiKnVuAOls",1
"I was told that is I expose the truth of the bad business practices everything is gonna be taken from me Including my black children
And everyone has bore whiteness to the public Emit Tilling or Ye
But GOD has put something on my heart not to backdown https://t.co/umrLRLIdNO",1
"What should be obvious by now is that I was raised to stand for my truth regardless of the consequences
So I will say this again I was mentally misdiagnosed and nearly drugged out of my mind to make me a manageable well behaved celebrity https://t.co/3kRuxoLcts",1
You can’t be anti-Semite when you know you are Semite https://t.co/9EAwXjsURa,1
I’m not talking to nooobody for a month https://t.co/g1JYFmCGE,1
"JOHN 19:19
""And Pilate wrote a title, and put it on the cross. And the writing was,
JESUS OF
NAZARETH THE KING OF THE JEWS"" https://t.co/tE72MBaIy",1
FAMILY https://t.co/r8UforaZB,1
LOVE FOREVER https://t.co/bh0lLsqt9,1
https://t.co/C5RcILyULG,1
Iranian youth are leading a revolution against 44 years of dictatorship. The world needs to support them and honor their coura,1
Who you think created cancel culture?,1
I’m a bit sleepy tonight but when I wake up I’m going death con 3 On JEWISH PEOPLE The funny thing is I actually can’t be Anti Semitic because black people are actually Jew also You guys have toyed with me and tried to black ball anyone whoever opposes your agenda https://t.co/0xka0D5k50,1
https://t.co/u3aDXus8S,1
"RT @elonmusk: @kanyewest Welcome back to Twitter, my friend!",1
"Look at this Mark
How you gone kick me off instagram
You used to be my nigga https://t.co/YQzjw01ju",1
2024 https://t.co/CJsmMGhExW,1
I’m on spaces! https://t.co/vdlvAQ8PCs,1
KANYE 2024 https://t.co/Zm2pKcn12,1
I VOTED 🇺🇸 https://t.co/hlgIJUST4x,1
KANYE2020 🇺🇸 https://t.co/3kd8vrrHZQ,1
🕊 https://t.co/tFqpKyQzkY,1
The first vote of my life We are here to serve We pray for every servant leader in the world 🕊 https://t.co/UWSrKslCt1,1
KEEP BELIEVING KANYE 2020 Thank you Jesus Christ https://t.co/OgFDGOCAOp,1
Favs https://t.co/0oO13dEviF,1
We will heal. We will cu,1
"God is so good 😊 Today I am voting for the first time in my life for the President of the United States, and it's f… https://t.co/RDmZihHIf",1
I channel Will Ferrel when I’m at the daddy daughter dances,1
Life is the ultimate gif,1
So many of us need so much less than we have especially when so many of us are in need,1
I hear people say ... this person is cool and this person is not cool... people are cool... man has never invented… https://t.co/HGvnOxW4n,1
I was just speaking with someone that told me their life story and they used to be homeless We must and will c… https://t.co/sjLvlpHqgS,1
We as a people will heal. We will insure the well being of each oth,1
There are people sleeping in parking lots,1
We will cure hun,1
The Weekend as The Nutty Professor was hands down the best costume this Halloween ⛷ https://t.co/6he1adovRY,1
Praise God. Thank you so much #DoveAwards God continues to send encouragement Good is winning Things are changing Praise God https://t.co/OYU12hBWX8,1
How it’s going 🇺🇸 https://t.co/ayol8Sf0OR,1
How the day started 🙃 https://t.co/UyQUWqd2m,1
THE ROCK IS STILL ALIVE https://t.co/gvChkbcsQj,1
RT @SheckJesus: New Sheck Wes snippet titled ‘RICH ONEDAY’ https://t.co/YLgCYWZVIu,1
2020 VISION 🇺🇸 https://t.co/Usl1fppN4,1
Dear Future started as an op-ed and turned into a VISION PRAYER 🕊 https://t.co/hN8Zhz5EUp,1
2020 VISION https://t.co/VqFgFyZ3XD,1
"DEAR FUTURE, I STILL BELIEVE IN YOU PRINTED IN THE NEW YORK TIMES THIS MORNING https://t.co/3hGgcjHzRE https://t.co/7tlMR2wa0q",1
https://t.co/3hGgcjHzRE https://t.co/l1BJySj4TK,1
https://t.co/3hGgcjHzRE https://t.co/gFouWM6Ur0,1
EMPATHY IS THE GLUE,1
NAH NAH NAH REMIX DABABY & 2CHAINZ https://t.co/I0gaZJ0ft7,1
"DEAR FUTURE, I STILL BELIEVE IN YOU YEEZY CHRISTIAN ACADEMY https://t.co/GIlTHSCLJU",1
We will heal https://t.co/pliy0PJQ9j,1
EVERYDAY JOEL’S NEW SERMONS ARE SUPER UPLIFTING AND INSPIRING PRAISE GOD FOR THE MOTIVATION JESUS STAYS WINNING https://t.co/gitP0B2MJA,1
Halloween coming 💀 https://t.co/4JaQA5YfYn,1
🤔 I was at 31 million followers 4 weeks ago and now I’ve been held at 30.9 million followers for the last 4 weeks 🤔🤔🤔 https://t.co/AV51hzh8bn,1
"Just to be CLEAR: WE ARE IN ENGAGED WITH HAITI’s GOVERNMENT to make a transformational INVESTMENT to bring JOBS, DEVELOPMENT, HELP SUPPORT LOCAL FARMERS and FISHERMEN and Build a new « CITY OF THE FUTURE » in a very beautiful country",1
Wow 😳 that Rogan interview got em shook Let’s gooooooooo https://t.co/Mxo24Iaa2n,1
Some Monday morning joy at YEEZY CHRISTIAN ACADEMY https://t.co/W23fMAazaS,1
https://t.co/rqKBrfNCME,1
https://t.co/rqKBrfNCME Let’s ,1
WRITE IN KANYE WEST THERE IT IS https://t.co/HiJPrUIY9,1
HOW TO WRITE IN KANYE WEST https://t.co/lY4BVdTmdm,1
GOD IS LOVE LEADING WITH LIGHT https://t.co/TlwzNXRTkL https://t.co/gWMLYLLiE1,1
Been doing empty stadiums Happy 40th birthday!!! I love you so much https://t.co/dCgHhzP2J8,1
VOTE KANYE https://t.co/sXrotfOHE3,1
OUR BEAUTIFUL LIGHT CLEAR REALITY https://t.co/L0TCuSoSr4,1
DABABY TURNED THIS VERSE AROUND SO QUICK ITS INSPIRATIONAL TO SEE HOW FAST WE CAN MOVE AS A PEOPLE. I HAD TO GIVE YALL AT LEAST A SNIPPET. https://t.co/Ap1SNAmFNK,1
DABABY TURNED THIS VERSE AROUND SO QUICK ITS INSPIRATIONAL TO SEE HOW FAST WE CAN MOVE AS A PEOPLE. I HAD TO GIVE YALL AT LEAST A SNIPPET. WHAT YOU THIS ISSA RAE A THINK ABOUT THIS ONE 🤔 https://t.co/zqA9td46ZO,1
RT @Maha_Sattva: If you believe in me and think that @kanyewest should let me give him this painting; please retweet this. I am 100% determ…,1
Had to tweet the new ideas 🙈 https://t.co/rO5eyNt9wp,1
Food tasting at YCA new menu going yaezeeeeeeeer https://t.co/qI3tfzjMwJ,1
GOD SAVE AMERICA https://t.co/1zDEZA3GhO,1
The forces that our for you are greater than the forces coming against you - Joel Olsteen,1
👀 https://t.co/WBO5Bg1Da0,1
"Pro-“LIFE”- eration, redemption, reparation, (attaching new tissue organically, rebuilding
Maturation:
- the scab over the wound, this is when you KNOW you are healed, better than ever, thicker, stronger, more fortified",1
"Stages of Healing:
The Wound:
- acknowledging adverse impacts (societal, mental, physical, economic)
Inflammation:
- Analogy of white blood cell (protectors) rushing to the site of injury, fortification, rallying in support
Proliferation",1
"H.E.A.L
HOLDING EVERYBODY ACCOUNTABLE for LOVE ! -M1",1
I spoke to Dave Chapelle for two hours this morning. He is our modern day Socrates,1
RT @Adele: https://t.co/hjhNsOTA75,1
Jaden Smith Cool Tape Volume 3 I was driving this morning and saw this poster I’m so proud of this man. He’s one of my favorite artist and people The world needs more super heroes like this https://t.co/8pUGn0WTGV,1
Ive always said SNL uses black people to hold other black people back My heart goes out to Issa Rae I’m praying for her and her family I know that the twenty years of service that I’ve paid in the entertainment field has furthered our ability to be more successful https://t.co/kExwUVVsqv,1
WRITE IN KANYE WEST https://t.co/0y1dgKth8Q,1
My memories are from the futu,1
Joe Rogan said it’s cool for me to design the set for our podcast this Friday ⛷ https://t.co/9FOPjU36K3,1
IF I WOULD PUT MYSELF IN HARMS WAY TO GET MY MASTERS THEY WOULD PUT THEMSELVES IN HARMS WAY TO STAY THE MASTER,1
https://t.co/slgmEiEPCb,1
Ideas happen twice Once in your head Once in reality -BUJU BANTON YEEZY IS SIMPLY A MIX OF HYPE WILLIAMS AND GEORGE LUCAS they set the ideas in my head and now YEEZY is bringing these ideas to our physical real world in service to God,1
Chicago! @djpharris will be World Premiering my new single ‘Nah Nah Nah’ @ 5pm on @power92chicago #ThisChicago Artwork by Wes Lang https://t.co/bMT0snh4O5,1
TODAY IS THE FIRST DAY OF EARLY VOTING IN LOUISIANA.   VOTE KANYE https://t.co/6A9toADSYq,1
I’M OFFICIALLY A WRITE-IN CANDIDATE IN THE STATE OF MARYLAND.  VOTE KANYE. https://t.co/VVESmi75wN,1
"The Town Halls last night showed two different sides of America. It’s time for healing.
“He himself bore our sins” in his body on the cross, so that we might die to sins and live for righteousness; “by his wounds you have been healed.” 1 Peter 2:24",1
Thank God for the favor the increase and these YEEZY SLIIIIIIIDZZZZ ⛷ thank Billboard awards for the 9 nominations and 4 wins. Invite me next time and I’ll pull up https://t.co/ZiqIIwI6Wp,1
RT @JESUSlSKING: #GODSAVEAMERICA @kanyewest https://t.co/MdwJPIRW9z,1
RT @KimKardashian: 🎤🎤🎤🎤,1
"RT @butsmallhead: We need president who put god will in priority 🙏 and love all people ❤️ @kanyewest is my president 🤝 small head, BIG HEA…",1
https://t.co/nEOd6Auz17,1
https://t.co/PooGVJfm,1
Love this game https://t.co/JiB3lKfbIQ,1
https://t.co/itT4uCNs8b Praise God 🙏🏾 https://t.co/qsrv78ZFL9,1
RT @kanyewest: https://t.co/ZURvTEW9ee we stepping out on faith https://t.co/ypQfooB35,1
https://t.co/QVUnkXOlO5,1
Pray for Armenia https://t.co/lKFjWMw6Z,1
https://t.co/DRlix9mjvB,1
"At least 600 are reported dead as of yesterday in the conflict
Deaths mount in Armenia-Azerbaijan clashes amid truce calls",1
RT @ComplexMusic: Kid Cudi talks 'Kids See Ghosts' and HBO series 'We Are Who We Are' in new interview: https://t.co/PsAsO03Ia6 https://t.…,1
RT @Jei_Siah: THIS IS MY GOAT PRESIDENT‼️🤍,1
RT @excitebikee: Hi @kanyewest we need this bad bro🙏🏾🙏🏾🔥,1
"RT @HYPEBEAST: ""THE WHOLE TEAM IS SO ENERGIZED THAT I HAD TO RELEASE THEME MUSIC NAH NAH NAH."" https://t.co/l5gbrS4V0G",1
"RT @TheLifeOfJulian: bro he dont MISS 14 years in still making hits, unrea",1
RT @TheLifeOfJulian: bro WHAT this song is so hard,1
RT @TheLifeOfJulian: WE NEED THIS TOO YE!!,1
RT @WORLDSTAR: #KanyeWest tryna get on the #JoeRogan show! Would y’all watch this?👇🤔 @kanyewest @joerogan https://t.co/otBWAlVg0B,1
"RT @XXL: ⬇️ TODAY IN HIP-HOP ⬇️
1991: UMC’s release their debut album Fruits of Nature
What’s their best song? https://t.co/RScdbJkeRB",1
THE WHOLE TEAM IS SO ENERGIZED THAT I HAD TO RELEASE THEME MUSIC NAH NAH NAH https://t.co/p3NhTV11cN,1
I’M SO ENERGIZED I HAD TO DROP A NEW SONG NAH NAH NAH https://t.co/DoixRbCT1R,1
RT @sohh: YE 2020 AFTER ALL? Kanye West is leading Joe Biden and Donald Trump in Kentucky precinct voting polls 🇺🇸🗳 https://t.co/s29S1YTCrz,1
My friend Eli’s hoodie Love this https://t.co/75akNRvUr0,1
RT @ye4us: HOW TO WRITE IN @kanyewest FOR PRESIDENT OF THE UNITED STATES: https://t.co/dqry2VlxJ9,1
PEOLE TRIED TO TALK ME OUT OF RUNNING FOR PRESIDENT... NEVER LET WEAK CONTROLLING PEOPLE KILL YOUR SPIRI,1
GET THE WEST WING READY !!! ... this is how I felt when I saw that Kentucky pole result 🌎🌍🌏🪐💫☄️💥🔥🇺🇸 https://t.co/k9e87MGKZL,1
👀 https://t.co/DLXt0yv1Kh,1
https://t.co/n7pLrR9pi5,1
Thai horn melon https://t.co/BALbqpuwM,1
"My condolences to the family and the people of Manchester, Tennessee who lost their dedicated Mayor, Lonnie Norman to COVID-19",1
EARLY VOTING STARTS TODAY IN KENTUCKY     VOTE KANYE     https://t.co/UUB5pOT1OM,1
Friends writing me in ⛷ https://t.co/7GVXzYoHj,1
"I stand with my Nigerian brothers and sisters to end police brutality, the government must answer to the peoples cries #EndPoliceBrutalityinNigeria",1
https://t.co/ZURvTEW9ee we stepping out on faith https://t.co/ypQfooB35,1
RT @justmattbentley: 🤯 https://t.co/nEy5454w05,1
https://t.co/3hGgcjHzRE we stepping out on faith https://t.co/0a82wuh8a,1
I love UZI I be saying the same thing about Steve Jobs I be feeling just like UZI,1
https://t.co/HXfuAWkcOI,1
Black babies lives matter 1000 black children are aborted daily 👀,1
Would love to go on Joe Rogan’s podcast LIVE this week I have my team trying to get your number Joe I’m in Calabassas Let’s do this my friend ⛷ https://t.co/OCyqWlHaNH,1
Congratulations to the LA Lakers on winning the NBA championship!! Kobe‘s and Gigi’s spirit are alive and I know they’re smiling down on us. LeBron you told us you would win this championship for Kobe and you didn’t let our boy down. 🕊🕊 https://t.co/viab1PNshp,1
IMG_9150.mov,1
Friends writing me in 🕊 https://t.co/bC4NvFBWB5,1
KANYE 2020 VISION PURPLE HAT SOLD THE MOST BY FAR PRAISE GOD THANKS YOU GUYS FOR YOUR SUPPORT https://t.co/I6Uj8qrntQ,1
You think the Yankees might need Jesus tonight ? https://t.co/uI4jpiGrSz,1
"From $53 million in debt to a net worth of $5 billion in 4 years. Thank you, Jesus. I know I fall short, but I repent. I am fully in service to our Lord and Savior Jesus Christ. We are building schools of the future. Thank God for providing the increase. https://t.co/BwEitkOdqD",1
RT @MasterPMiller: Hoody Hoos!! We went from Hip Hop to creating and Selling our own Products! @unclepcereal We changing the Game. Salute a…,1
They had to get the merch first https://t.co/8gBTw6g6Jq https://t.co/6R0aJ6YGjJ,1
https://t.co/8gBTw6g6Jq https://t.co/SJQF5aVdNy,1
https://t.co/8gBTw6g6Jq https://t.co/sJPCR6iyTJ,1
https://t.co/8gBTw6g6Jq https://t.co/bm0wZVVgNK,1
https://t.co/8gBTw6g6Jq https://t.co/lt8B9tH4Ox,1
https://t.co/8gBTw6g6Jq https://t.co/bPzMbzBCwO,1
https://t.co/8gBTw6g6Jq https://t.co/BemsPcCCNz,1
https://t.co/8gBTw6g6Jq https://t.co/7MLPpo7aEG,1
https://t.co/8gBTw6g6Jq https://t.co/dibxyuZQ9h,1
https://t.co/8gBTw6g6Jq https://t.co/nt0areeYVk,1
https://t.co/8gBTw6g6Jq,1
"My condolences to the family of fashion designer Kenzo Takada, who has recently passed away from COVID-19",1
"There’s a crying need for civility across the board.  We need to and will come together in the name of Jesus.
I’m praying for President Trump’s and Melania’s full recovery, just as I would for Joe and Jill Biden if they were stricken, as well as everyone else with COVID-19",1
Ameer Sudan in Atlanta https://t.co/tpAYmVw3X6,1
Tes,1
@BOSS777 Ameer Sudan made it to Atlanta https://t.co/qziw1QoeTy,1
Bron pass it to 2Chainz https://t.co/yxxCwDvs9s,1
Bron pass it to 2Chainz https://t.co/JAHKs2aXrB,1
Lamborghini light dinner https://t.co/ePmDle37dj,1
Praying for Armenia Praying for Breonna Taylor’s family Praying for a world ravaged by the pandemic Praying for God’s love to cover us all Cover our friends and family soften the hearts of the world Thank you God for our lives. In Jesus name Amen,1
Praying for Armenia Praying for Breonna Taylor’s family Praying for a world ravaged by the pandemic Praying for Gods love to cover us all Cover our friends and family soften the hearts of the world Thank you God for our lives. In Jesus name Amen,1
Praying for Armenia Praying for Breonna Tayler’s family Praying for a world ravaged by the pandemic Praying for Gods love to cover us all Cover our friends and family soften the hearts of the world Thank you God for our lives. In Jesus name Amen,1
Praying for Armenia Praying for Breonna Tayler’s family Praying for a world ravaged by the pandemic Praying for Gods love to cover us all Cover our friends and family soften the hearts of the world Thank you God for our lives. In Jesus name amen,1
Praying for Armenia Praying for Breoona Tayler’s family Praying for a world ravaged by the pandemic Praying for Gods love to cover us all Cover our friends and family soften the hearts of the world Thank you God for our lives. In Jesus name amen,1
Praying for Armenia Praying for Breoona Taylers family Praying for a world ravaged by the pandemic Praying for Gods love to cover us all Cover our friends and family soften the hearts of the world Thank you God for our lives. In Jesus name amen,1
Dinner for 2 🕊 https://t.co/0dilfacAq,1
Our queen speaking on the Matrix https://t.co/XdLoCD3tH,1
BELIEVE WHAT I SAY (snippet) https://t.co/U7Y2KQJ5UC,1
"WE ARE HERE TO COMPLETE THE REVOLUTION
WE ARE ARE BUILDING THE FUTURE https://t.co/Gyh7ofHUBz",1
Haiti is where our people started the first revolution that freed us from slavery https://t.co/NDM2uxoPZ4,1
https://t.co/GXmEk1zim0,1
https://t.co/0DuJH8Aeps,1
https://t.co/nbRu634kab,1
https://t.co/PLqexPZ39M,1
https://t.co/B0cMnRgA4j,1
https://t.co/cIyO3crhAS,1
https://t.co/KugqWGEn3I,1
https://t.co/ZPEnDrl9qZ,1
https://t.co/e9XdQaRzkh,1
https://t.co/8btdHkiYK6,1
https://t.co/twgdstscXL,1
https://t.co/MnAluqY3qY,1
https://t.co/fFMCbzwCfc,1
https://t.co/7QTYYJEpNG,1
https://t.co/fXo50rUoSY,1
https://t.co/FjRrWiFboV,1
https://t.co/hlrN1YpxL5,1
https://t.co/FplDFDS8mI,1
https://t.co/SY41JQqiaH,1
https://t.co/gUg7ZxJBoD,1
https://t.co/33zJFc3uT6,1
https://t.co/zDOGbtFR2k,1
https://t.co/M9cOYCd9wm,1
https://t.co/pagPkJp,1
https://t.co/yzb6pLyxGH,1
https://t.co/jtxIZ1mjCG,1
https://t.co/E2QAdcRK0h,1
https://t.co/3AAO3AHFB,1
https://t.co/1qQI0GeraJ,1
https://t.co/ULywWNvnmV,1
https://t.co/4BZGF2IgL9,1
https://t.co/Aq5McxhNXk,1
https://t.co/AwOpO1Vj40,1
https://t.co/oPVd081Ds4,1
https://t.co/IbdsBlgVHy,1
https://t.co/RpsWASGbs,1
https://t.co/tT1awJPqF,1
https://t.co/3lYy1xUmVq,1
https://t.co/TU0YTbVOW,1
https://t.co/14b6R4nrCp,1
https://t.co/3qEWmqgN2x,1
https://t.co/2megRNkWi2,1
This is who we really are https://t.co/wu5rLyGZcX,1
https://t.co/lKRFLYxDMy,1
Ernesto Neto https://t.co/dG7dGMpi81,1
You guys like stuff ? 🦔 https://t.co/XygUVHnRH,1
Bowl https://t.co/eetqsPqX4,1
2020 hoodie 👀 https://t.co/h1jX2Pxrs2,1
https://t.co/glcmErV7JB,1
https://t.co/RRZPweqdV,1
https://t.co/V4xx3kLwjY,1
Pockets https://t.co/jpEFK1vK9L,1
Color https://t.co/pJRPyrQP8H,1
Food https://t.co/T6XfWfLzg4,1
Concept https://t.co/FZlTYuKQ1C,1
🦈 https://t.co/vUqaQIxLpA,1
https://t.co/CfPMJZe0k,1
https://t.co/BuhR8ioGvC,1
https://t.co/J7e45BiFJV,1
https://t.co/Qzo4Mmovz,1
https://t.co/OTa0T5zOmQ,1
Bianca Saunders https://t.co/UvvaPyIMu,1
https://t.co/Ivs7uBVLL6,1
David Koma I liked this collection a lot https://t.co/G4VwO4gYLq,1
⛷ https://t.co/6rQJDcf3jN,1
Yum https://t.co/VrVDwOvxWU,1
🦔 https://t.co/HWePVfutHh,1
🦡 https://t.co/PZFoXfd6m3,1
Noguchi https://t.co/cDtSF8I46a,1
HI GUYS ... DO YOU GUYS LIKE STUFF 🦈 https://t.co/258TMj42rh,1
WHEN THE BLACK HEAD OF UNIVERSAL WONT SPEAK TO A BLACK ARTIST ABOUT FREEDOM ... THIS IS AMERICA IN 2020 https://t.co/OcHzLCdqmm,1
I WONDER IF MARY HAS HER MASTERS🤔 https://t.co/9vytQfYBcm,1
🙃 https://t.co/rnmHZj0iEf,1
GOOD MORNING VINCENT ⛷ https://t.co/p4hWKyn6nc,1
GOOD MORNING GUYS ⛷ https://t.co/tyUvtxdac,1
Joel Katz and Ameer Sudan https://t.co/V6FB7mR6bR,1
Mood https://t.co/iU7nkMQdK7,1
https://t.co/15ftdbKA9L,1
Apparently Jeff Harleston is very hurt and frustrated Now he knows how all us artist feel Isn’t he the head of artist relations or something in that vein How could he be told to not speak to me at a time like this But he would speak to Joel 🤔,1
My brothers M1 and Dave Chappelle called me to support https://t.co/1TVDxN4b1N,1
I’M CHANGING THE THINGS I CAN’T CHANGE https://t.co/UB0uoe7WZm,1
https://t.co/aTNn3EKnmm,1
https://t.co/P0z8hrdU,1
JAMES LINDSAY IS THE MOST IMPORTANT AND POWERFUL ENTREPRENEUR IN THE WORLD ... HE DON’T GOT TO BEG TO BE ON BOARDS SEATS HE MADE HIS OWN JAMES IS TRULY FREE https://t.co/7G3p8kIKXK,1
My first pillar when I’m on the board of adidas will be an adidas Nike collaboration to support community growth,1
I WATCH BLADERUNNER ON REPEAT https://t.co/qhXFiVweCs,1
DENIS VILLENEUVE https://t.co/XFdbnkVV8,1
WE WILL BE RECOGNIZED,1
⛷ https://t.co/ilz6KoqU9D,1
I’M NOT RELEASING NOTHING ON GAP TILL I’M ON THE BOARD,1
I’M WEARING JORDANS TILL I’M ON THE BOARD OF ADIDAS ⛷,1
RT @OsheaJacksonJr: Next to Kobe and Shaq. This might be my favorite du,1
🤔 https://t.co/tEUXySgKT1,1
LAQUAN SMITH AND HYPE WILLIAMS https://t.co/bUw9wBsAdM,1
LAQUAN SMITH AND HYPE WILLIAMS https://t.co/3VA6ymxdF6,1
LAQUAN SMITH AND HYPE WILLIAMS https://t.co/wEe0DwBgub,1
Laquan Smith and Hype Williams https://t.co/GkI0S0TfPO,1
Sci Fi https://t.co/NLsUGQWYB1,1
https://t.co/lRqbKSMdwd,1
Now let’s have Universal match me https://t.co/ui7D8kyPQR,1
I’m giving all Good music artist back the 50% share I have of their masters,1
YZY Farm to table ⛷ it’s a good start https://t.co/JKHmY3eL9v,1
WE MUST FORM A UNION WE MUST UNIFY https://t.co/drZWqJCws,1
https://t.co/LlxJwI2Dy,1
Neil Young basically has his own Spotify https://t.co/0JrYQnNGXS,1
My mama was a’ English teacher I know how to use correct English But Sometimes I just don’t feel like it aaaand I ain’t got to ⛷,1
I believe Master P and Uncle Luke we’re fully independent They pressed they own viny,1
Been trying to connect with Master P and Baby I’ve always felt they understood how to be independen,1
WINNING IS THE ONLY OPTION,1
Getting our simplified DONDA gardens together No squash 🤷🏾‍♂️ aaaaand definitely no broccoli 🤣 https://t.co/L82gJLpRWV,1
🕊 https://t.co/9A1Lwu1Uec,1
⛷ https://t.co/jEx5jjuXgM,1
https://t.co/oSO2zAoid7,1
YZY DESIGN MEETING WITH MARK MINER AND RANDAL YARBOROUGH https://t.co/ayCniv83d,1
THE LAST POST SHOWING THE BOLLORE BOARD WAS MISSING PHOTOS ... HERE GOES EVERYONE ⛷ https://t.co/iETBuENaE7,1
AND MY SUPER DUPER POOPER SCOOPER STAR SHIP TROOPER BEST FRIENDS AT BOLLORE 😊 https://t.co/0xces8X5TU,1
MY NEW FRIENDS AT VIVENDI 😊 https://t.co/wxvlDzgqTS,1
THESE ARE ALL GOING TO BE MY BEST FRIENDS SOME DAY 😊 UNIVERSAL https://t.co/R3trGtSB5L,1
Ma$e is right about that line ... I always felt funny about that line ... Ma$e is one of my favorite rappers and I based a lot of my flows off of him ... I’m the king of “ooh can I get away with this bars” so I reap what I sow when the next generation does the same to m,1
There are 5 main pillars in a professional musicians business Recording Publishing Touring Merchandise & Name and likeness,1
"There are 5 main pillars in a professional musicians business Publishing
Recording Touring Merchandise Name and likeness",1
"This is a call for all artist to unify ... I will get my masters , I got the most powerful lawyer in music and I can afford them but every artist must be freed and treated fairly",1
"7. PORTALS
Are not just for royalties. They are for your entire business.  Every audio file, every asset, every deal stored WITH the money. Money and Music must stay together. When your term ends, download it all. Leav",1
"It sounds basic and logical but t does NOT exist. They focus on top earners and ZERO look at the 440 stores…. Only the top few. Artists are global. That’s why their contract territory says GLOBAL
Royalty department in EVERY label. No more separating finance teams from the music",1
"6. ROYALTIES
Again back to dependents. You need a business manager to read how you did? So you pay to see your money!!! NO MORE.
Royalty portals need to show (and do not now)
Every song you delivered
Every store you are in
How many streams per song
Income per son",1
"5. ADVANCES ARE JUST LOANS!!
On Artists re-signing these stop. Advances are Loans with 75% interest rates (or worse). NO other business in the world takes a look at the business, buys shares, starts to profit when it profits. Record Companies have to buy into you, not loan you",1
UMG now has a 2.2 billion share holding stake in Spotify. This is the artists. The system as to how we get share balances on our royalty statement needs to be created and a system on when Artists can cash in,1
NO MORE blanket licenses. It should be clear from day one… what shares you get NOW and when you leave. If your song helps a deal over the line you invested in that store / app same as they did,1
"5. EQUITY & BLANKET LICENSES ARE THE MAJORITY OF FUTURE NEW INCOME.
If you’re with a major you have invested your ‘songs’ as shares in their power to get equity and deals. Almost ALL new deals now are based on ALL songs going to a store or app. The equity is the Artists",1
"4. LAWYERS
the first thing that changes about Record Deals is actually lawyers.
We need Plain English contracts. A Lawyers role is to IMPROVE deals…. not charge for contracts we cannot understand or track. Re-write deals to be understandable from FIRST READ",1
"3. DEPENDANTS
Artists must be dependent on no one but themselves to manage their catalog. You should need NO ONE else to understand the business you’re in",1
2. The record label / publisher is a service provider that receives a share of the income for a limited term. The split can be 80/20 in the artists fav,1
1. The artist owns the copyright in the recordings and songs and leases them to the record label / publisher for a limited term. 1 year deals,1
NEW RECORDING AND PUBLISHING DEAL GUIDELINES,1
"Two years ago we had 50 million people subscribed to music streaming services around the world. Today we have 400 million. 8 x growth. By the end of this year we will have 460 million. By the end of the decade we’ll have 2 billion as projected by J.P. Morgan, Goldman Sachs etc",1
Speaking Biggs now ... I shouldn’t have said anything about Puma publicly ... I apologize to Emory and Jay and the entire Puma c,1
STEVE RIFKIND PULLING UP TO CHANGE THE MUSIC GAME FOREVER https://t.co/otL5vkY4Vm,1
YEEZY CHRISTIAN ACADEMY V1 https://t.co/YRqK9daOCs,1
GREATNESS IN THE MAKING https://t.co/ndsS8OXkf6,1
WE’RE GONIG TO TRANSPARENTLY CHANGE EVERY ALBUM DEAL EVERY PUBLISHING DEAL EVERY MERCH DEAL EVERY TOURING DEAL EXCEPT FOR DRAKE’S DEALS 🤣 JUST KIDDING ... I LOVE DRAKE TOO ... ALL ARTIST MUST BE FREE,1
WE’RE GONIG TO TRANSPARENTLY CHANGE EVERY ALBUM DEAL EVERY PUBLISHING DEAL EVERY MERCH DEAL TOURING DEAL EXCEPT FOR DRAKE’S DEALS 🤣 JUST KIDDING ... I LOVE DRAKE TOO ... ALL ARTIST MUST BE FREE,1
WE’RE GOING TO MOVE THE ENTIRE MUSIC INDUSTRY INTO THE 21ST CENTURY,1
CULTURE IS THE MOST POWERFUL FORCE IN HUMANITY UNDER GOD,1
I’M GOING TO PERSONALLY SEE TO IT THAT TAYLOR SWIFT GETS HER MASTERS BACK. SCOOTER IS A CLOSE FAMILY FRIEND,1
@Eminem THANK YOU FOR RAPPING ON THE DR DRE REMIX OF USE THIS GOSPEL I HAVW ALWAYS LOVED AND RESPECTED YOU AND IM HONORED TO HAVE YOU BLESS THIS SONG ... ITS ALSO NORTH WEST’S FAVORITE KANYE WEST SONG OF ALL TIME,1
@Eminem Thank you for rapping on the Dr Dre remix of my daughter’s favorite song of mine USE THIS GOSPEL,1
A CREED FOR ALL WARRIORS WHO FIGHT IN THE NAME OF JESUS TO PROTECT OUR CHILDREN AT ALL COST WE ARE NOT AFRAID OF DEATH WE ARE NOT AFRAID OF HUMILIATION WE ARE NOT AFRAID BANKRUPTCIES WE ONLY FEAR GOD,1
YEEZY CHRISTIAN ACADEMY ... JESUS IS SO GOOD ... WON’T HE DO IT https://t.co/Ose9pe0Tu,1
I am the head of adidas ... I will bring adidas and puma back together and bring me and jay back together ... all pumas designs are embarrassingly trash but I will personally design puma and adidas and make everything ok,1
HA HA I GOT MY TWITTER BACK ⛷,1
FREE HOOVER https://t.co/E4rqeOkDJ,1
FREE SHUG https://t.co/egs9uMa8vD,1
I am the new head of adidas I will make sure all shoes have no laces as Run DMC told me to do ... look natural ... no laces,1
I am the new head of adidas I will make all shoes have no laves as RunDMC told me to do ... look ma ... no laces,1
A CREED FOR ALL WARRIORS WHO FIGHT IN THE NAME OF GOD TO PROTECT OUR CHILDREN AT ALL COST WE ARE NOT AFRAID OF DEATH WE ARE NOT AFRAID OF HUMILIATION WE ARE NOT AFRAID BANKRUPTCIES WE ONLY FEAR GOD,1
Universal. Sold ten cent a Chinese co 10 per cent at a 33 billion dollar valuation. Principal is Vincent bollerre. Universal own a chunk of Spotify that was given to them for agreeing to license artists masters. Flowed through nothing to artists,1
NORTHY I AM GOING TO WAR AND PUTTING MY LIFE ON THE LINE AND IF I AM MURDERED DON’T EVER LET WHITE MEDIA TELL YOU I WASNT A GOOD MAN... WHEN PEOPLE THREATEN TO TAKE YOU OUT OF MY LIFE JUST KNOW I LOVE YOU https://t.co/61XmE9BToK,1
GOOD MORNING MUSIC WORLD ... THESE ARE 2 OF THE MOST POWERFUL AND KNOWLEDGEABLE PEOPLE IN MUSIC ... ALL NEGOTIATIONS WILL BE TRANSPARENT... ARTIST WILL OWN OWN OWN MASTERS https://t.co/Y5H7h8Gvd2,1
we will change the paradigm,1
Don’t let the system pit us against each other ... JAY IS MY BROTHER ... I have eternal love for all artist that have been through and are still trapped this crooked system. Jay still doesn’t get his own masters back for ten years. I will see to it that we all get our masters https://t.co/LshyaIVO1Y,1
Artist are founders,1
DIAMONDS UP https://t.co/jtojsCEVu6,1
WE’VE NEVER SEEN ANYTHING LIKE THIS BEFORE ... LOOK HOW ALL THE ARTIST STOOD UP PRAISE GOD MY BROTHERS ITS TIME FOR FREEDOM KEEP PRAYING,1
First tweet back ... without the phone number 🤣 https://t.co/0aHPz4jY0J,1
"90% of the record contracts on the planet are still on a royalty A standard record deal is a trap to NEVER have you recoup, and there’s all these hidden costs like the “distribution fees” many labels put in their contracts to make even more money off our work without even tryin",1
ONLY MUSEUM QUALITY BOYS https://t.co/zsjzzQytDx,1
HI GUYS ... TRUST ME WE WILL NOT STOP ... HITBOY FIRST TO STAND UP ... I DIDN’T HAVE A PROBLEM WITH HIM PRODUCING FOR BEYONCÉ ... I HAD A PROBLEM WITH THE FACT HE WAS SIGNED TO ME AND I DIDN’T KNOW BUT I KNEW JAY AND BEYONCÉ AND HIT-BOY ... JUST FOR CLARITY,1
HI GUYS ... TRUST ME WE WILL NOT STOP ... HITBOY FIRST TO STAND UP ... I DIDN’T HAVE A PROBLEM WITH HIM PRODUCING FOR BEYONCÉ ... I HAD A PROBLEM WITH THE FACF HE WAS SIGNED TO ME AND I DIDN’T KNOW BUT I KNEW JAY AND BEYONCÉ AND HIT-BOY ... JUST FOR CLARITY,1
From HITBOY LETS GOOOOO https://t.co/Wi9Kk71lzf,1
In the spirit of my God father Irving and his best friend Rob,1
TRUST ME I WONT STOP UNTIL ALL IS FAIR TRUST ME FROM NAT YE AKA BABY PUTIN,1
If any of my fans want to call a white supremacist ... this is the editor of Forbes https://t.co/KBJ6wRBhcS,1
Trust me ... I WONT STOP https://t.co/RmVkqrSa4F,1
Bono can I get a retweet Love you Paul can I get a retweet love you Drake Kendrick even Taylor We need you right noooooow ⛷,1
ALL THE MUSICIANS WILL BE FREE,1
I wonder if Universal gonna call me ... I promise I have more ideas ... I will not stop I PROMISE YOU ON GOD,1
01 This Is The Glory - 07.14.20 Ye Edit.mp3,1
Ok all music coming nex,1
Whew 😅 that was a lot guys 🤣,1
https://t.co/3S8Lr6DEjk,1
https://t.co/cLdtx9Cw5m,1
https://t.co/BO23lRrhYA,1
https://t.co/gFELvLHLQ2,1
https://t.co/m31Qi8TEdh,1
https://t.co/N3NuBQTUF3,1
https://t.co/32KMKaiO8C,1
https://t.co/IEN6MBkKmz,1
https://t.co/U7KxxzFOAF,1
https://t.co/yb6o5CbvqN,1
https://t.co/QfO66E1NVy,1
https://t.co/AJh1A5pVqA,1
https://t.co/BqhDjrlyC,1
https://t.co/YJppSPr2EL,1
https://t.co/03qlfI55vX,1
https://t.co/6U5BUW6TYS,1
https://t.co/cCY00AjYfj,1
https://t.co/eKTqTNIJwD,1
https://t.co/VOlACOy24k,1
https://t.co/guuSRObhVn,1
https://t.co/gerF8Tfi5B,1
https://t.co/6EnmosRoX,1
https://t.co/ZDLWw4PLsu,1
https://t.co/9o0xUXKj2S,1
https://t.co/ELulFjyVBN,1
https://t.co/PiSyc9HyRQ,1
https://t.co/L3m5VMTapA,1
https://t.co/7YChA4,1
https://t.co/57R1vrovXS,1
https://t.co/Yoo8GJcrXf,1
https://t.co/Gw0TywMfBz,1
https://t.co/GNUpYu5sW,1
https://t.co/fWyvbJksy,1
https://t.co/TeizaEq3W,1
https://t.co/CvdIXcDkiF,1
https://t.co/OUhgFNHYGQ,1
https://t.co/9bVLN0hRuZ,1
https://t.co/8vfn3ZCMTG,1
https://t.co/VvM1qTp3RD,1
https://t.co/PMvaJzzcwc,1
https://t.co/PAQWUVPFNI,1
https://t.co/i0XKTTv0RX,1
https://t.co/14uLu22HG,1
https://t.co/BL9wGDlpkM,1
https://t.co/17sIYWXlD7,1
https://t.co/iTdb0ViMI2,1
https://t.co/f14kQ7vQy,1
https://t.co/UZb3uusChE,1
https://t.co/pypG5XgTS1,1
https://t.co/BjjBPv8JnM,1
https://t.co/E543l23LJf,1
https://t.co/hWmdmNBVG,1
https://t.co/G8kpUCnPM1,1
https://t.co/HlbONH7z8m,1
https://t.co/CHn6J5mR8z,1
https://t.co/YpPAtr7T2q,1
https://t.co/2Kv22HlNjB,1
https://t.co/Msc1xQyQw4,1
https://t.co/lzFoGVb6rN,1
https://t.co/0umFtOOay7,1
https://t.co/tvrMYjsYns,1
https://t.co/Ll35rSjSKH,1
https://t.co/yhQ2hxHUBK,1
https://t.co/gbVW7uJ4oI,1
https://t.co/MiwT9sHjDh,1
https://t.co/Eiwdr7G3xD,1
https://t.co/9MB7s2coPN,1
https://t.co/YKpcxxFyMu,1
https://t.co/AWMjDEMo5q,1
https://t.co/MSEFCKAI2R,1
https://t.co/tN65fLniQ,1
https://t.co/60rRJ7kOo7,1
https://t.co/itvlz8TSSS,1
https://t.co/qXMB3E07b,1
https://t.co/L5jbV0FJZ2,1
https://t.co/4wpu7eYD4X,1
https://t.co/UUebeVrdx1,1
https://t.co/9RKJfhhk4j,1
https://t.co/0l0TjmELh,1
https://t.co/tHRlGFMBUd,1
https://t.co/Cc2zHfi3pY,1
https://t.co/UY7cOGGWZR,1
https://t.co/s0IBMKHTwa,1
https://t.co/U3yuzjZggS,1
https://t.co/IMOfkL7yGY,1
https://t.co/o0oMOgSXC5,1
https://t.co/SDNvkzO9LN,1
https://t.co/5C4ouw5e3k,1
https://t.co/qNDz2MgLHz,1
https://t.co/wC1X2Kom0z,1
https://t.co/0gadyQLQIS,1
https://t.co/T68Kwp2TY9,1
https://t.co/rmXwfPaKx,1
https://t.co/ibZmOCA6cc,1
https://t.co/Htz60HJ7IB,1
https://t.co/K4RkUwJmn,1
https://t.co/IXjGqOFxp1,1
https://t.co/MMT9rhgWGv,1
https://t.co/yQ4849pNvy,1
https://t.co/cuLDhItc,1
https://t.co/yjRTtiBjNA,1
https://t.co/zaLphqtL9y,1
https://t.co/ctXsHThonV,1
https://t.co/2IBhN9FdKR,1
https://t.co/CFLItIpmb1,1
https://t.co/96hKKsEStu,1
https://t.co/yHriQhgQKA,1
https://t.co/R0WKjAwWLN,1
https://t.co/NPiBWC1YfL,1
https://t.co/OdNIh8IFDx,1
https://t.co/m4nIqPjXjv,1
https://t.co/56IBFkba8,1
https://t.co/sYFw3B176N,1
https://t.co/zwidPFV9XY,1
You guys it took me so long to screen grab all my contracts Here they a,1
Uh oooooh 👀 https://t.co/bupcJOYnxm,1
This is what me Kanye West deal looks like today ... I PRAY IN THE NAME OF JESUS THAT IT DONT LOOK LIKE THIS TOMORROW https://t.co/i8UN3Z6oQ3,1
THIS MOMENT IS GOING TO CHANGE THE MUSIC INDUSTRY FOR GOOD ... I FEEL SO HUMBLED AND BLESSED THAT GOD HAS PUT ME IN A STRONG ENOUGH POSITION TO DO THIS ... EVERYONE KEEP PRAYING ... ITS WORKING ... I AM ON MY KNEES THIS MORNING,1
I have to tweet page by page The PDF is not loading on ,1
2012.05.17-Amendment to Recording Agreement and Film Agreement.pdf,1
Here are my ten Universal contracts ... I need every lawyer in the world to look at thes,1
💩 this is my daughters favorite emoji... she’ll be able to do nothing but put emojis up for the rest of her life because my children will own my masters,1
Who made up the term major label in the first place??? 💩💩💩,1
I forgive everyone from the music industry that is involved with modern day slavery. Vengeance is only the lords,1
"Colossians 3:12-17
“Put on then, holy and beloved, compassionate hearts, kindness, humility, meekness, and patience, bearing with one another and, if one has a complaint against another, forgiving each other; as the Lord has forgiven you, so you also must forgiv",1
OK GUYS CHECK THIS OUT ... I DONT HAVE A CONTRACT WITH UNIVERSAL ... I HAVE TEN 🤣 THEY TRY TO BURRY US ALIVE,1
Ephesians 6 12 https://t.co/F7zbFAMqUH,1
I honestly need all my Royeres to be museum quality... if I see a fake Royere Ima have to Rick James your couch https://t.co/w9Ri1kLFY3,1
Meanwhile https://t.co/62TdLENa9U,1
I need prayer I need coverage as I go into battle Everyone please pray for me ... you know what the system never counted on ... millions of prayers at once ... everyone I appreciate your prayers so much,1
"Romans 12:19
King James Version
19 Dearly beloved, avenge not yourselves, but rather give place unto wrath: for it is written, Vengeance is mine; I will repay, saith the Lord. https://t.co/dnRteYnak2",1
I KNOW MY LORD AND SAVIOR JESUS CHRIST WILL MAKE FOOLS OF AND PUNISH ALL WHO HAVE PARTICIPATED IN UNFAIR CONTRACTS,1
"Psalm 118:6
6 The Lord is with me;I will not be afraid. What can mere mortals do to me?",1
EVERYONE AT UNIVERSAL AND VIVENDI PLEASE UNDERSTAND THAT I WILL DO EVERYTHING IN MY LEGAL POWER AND USE MY VOICE UNTIL ALL ARTIST CONTRACTS ARE CHANGED STARTING WITH GETTING MY MASTERS FOR MY CHILDREN I WILL NOT STOP I PROMISE YOU IM AM PETTY AND VERY PERSONAL,1
SONY YOU NOT OFF THE HOOK EITHER ... ONE BATTLE AT A TIME,1
NAT TURNER https://t.co/59Nm0ApdjI,1
MY CHILDREN WILL OWN MY MASTERS ... NOT YOUR CHILDREN ... MY CHILDREN ... MY CHILDREN ... MY CHILDREN,1
Everyone please cover me in prayer ... I AM ONE OF THE MOST FAMOUS PEOPLE ON THE PLANET AND UNIVERSAL WONT TELL ME WHAT MY MASTERS COST BECAUSE THEY KNOW I CAN AFFORD THEM ... BLACK MASTERS MATTER,1
UNIVERSAL WONT TELL ME WHAT MY MASTERS COST BECAUSE THEY KNOW I CAN AFFORD TO BUY THEM 🙏🏾,1
Because Universal knows I can afford them ⛷,1
Universal won’t even tell me what my masters cost 🙃,1
The media tries to kill our heroes one at a tim,1
We used to diss Michael Jackson the media made us call him crazy ... then they killed him,1
People say it’s enough and I got my point across ... the point isn’t across until we cross the poin,1
https://t.co/r9TEIo5rud,1
We sat back and watched Nick Cannon get canceled and we go to play ball in a bubble with black lives matter on our backs ... brothers let’s stand together for real ... there is no NBA or music industry without black people ... fair contracts matter ... ownership matters,1
Michael Jackson Bill Cosby aaaaand wait for it ... R Kelly had documentaries made or were taken down by white media ... there has never been a black media company that would take down a white celebrity,1
I know a lot of musicians are not allowed to say anything but I can’t be muted or cancelled so I’m going to say everything as always,1
I am the only person who can speak on this because I made multi billions outside of music no musicians make billions inside of music I’m going to change this,1
Word of the day STRENGTHENETH from the King James Version,1
PHILIPPIANS 4 13 I CAN DO ALL THINGS THROUGH CHRIST WHICH STRENGTHENETH ME https://t.co/mBDOeAFURE,1
We our supporting other people’s kids ... we could spend our whole life in the music industry but our kids gotta go work for another company when they grow up,1
We’ve gotten comfortable with not having what we deserve ... they allow us to have a little money from touring get some gold chains some alcohol some girls and fake numbers that feed our egos ... but we don’t own our masters 🤔,1
Thank you God bless you good night https://t.co/UhZAAVwW6c,1
Ok this my final tweet of the day ... unless I feel like tweeting again 🥋 https://t.co/CuIRmEZiiq,1
This is how it be when artist try to get our masters ... the stairs are covered with lotion https://t.co/1pyNK0xkWW,1
"When you sign a music deal you sign away your rights. Without the masters you can’t do anything with your own music. Someone else controls where it’s played and when it’s played. Artists have nothing accept the fame, touring and merch",1
🙏🏾 https://t.co/gpKATiceDu,1
https://t.co/EhgNyoiuBn,1
I’ll let you guys know how this goes ⛷ https://t.co/Un3I7ImeY5,1
Reed Hastings ... I like this guy https://t.co/CklISYRiAD,1
🕊 https://t.co/EArPggm9Tm,1
"Psalm 91:11
For he will command his Angels concerning you to guard you in all your ways
They will left you up in their hands so that you will not strike your foot against the stone
You will tread on the lion and the cobra",1
YCA https://t.co/gd3iSnBp95,1
Ben is an ally ... he embraced me in silicone valley when no one else did ... love you for life https://t.co/kBqmchYX,1
De La Soul can’t even get their music on iTunes,1
Hi Rob 👋 https://t.co/eqh5vmuMZ3,1
Let’s get it big bro ... you and Michael passed so we can live https://t.co/GIEWDhyep,1
I don’t wanna see no woke tweets or hear no woke raps ... it’s show time ... it’s a whole different energy right n,1
The artist deserve to own our masters ... artist are starving without tours ... Ima go get our masters ... for all artist ... pray for m,1
Don’t need the Arnaud meeting anymore ... I will be meeting with Vincent Bollore https://t.co/ITCbvzzTwQ,1
No more killing each other No more threatening to take each other’s girls and wives ... let’s show the world how great we truly are 🕊 we are God’s chosen peop,1
I need an army of angels to cover me while I pull this sword out of the stone ... I need everyone’s prayers ... I promise we will be free and own our masters but we must be faithful to God this tim,1
Che Pope got Dave Free’s number ... will have Kendrick’s numbed shortly ... I’ll keep you guys updated 😉 Remember they cut our tongues when we were on the boat ... but noooooow.... slaaaaaavery iiiiiiiiis aaaaaaaaa chooooooooice 🙏🏾🙏🏾🙏🏾,1
"In the streaming world master ownership is everything... that is the bulk of the income ... in COVID artist need our masters ... it’s more important than ever before
I got J Cole number waiting for Kendrick and Drak",1
DREAM BABY DREAM https://t.co/98KIIYVmu9,1
It’s a good start https://t.co/u0EZvg6ZS6,1
YEEZY CHRISTIAN ACADEMY https://t.co/1h35bvlDV1,1
Buuuuuuut he don’t work at of for universal so y’all gotta talk to Nat Ye ⛷,1
I’ll talk to Irving Azoff though ... that’s my family,1
Ya’ll not gonna play with me or none of my people ever again ... in Jesus name ... I want all the smoke pleeeeeeeease 🙏🏾🙏🏾🙏🏾🙏🏾,1
⛷,1
M,1
G,1
And,1
Com,1
I’ll let you guys know how this goes... I was told to speak with Lucien Grange ... I said I don’t speak with non billionaire employees... I need Arnaud De Puyfontaine to fly to meet me immediately ⛷ https://t.co/hdCJTa6Fof,1
"Contracts in all industries need to be simplified now. Complicated contracts are how businesses, music companies and sports take advantage of talent We will expose these contracts and make them transparent now support new talent, startups and amend all old contracts",1
"The Y Combinator started companies like Dropbox and Airbnb. For the first time, it cleaned up contracts and made venture capital transparent. It empowered start ups with the tools to succeed and grow their businesses. It changed the Silicon Valley gam",1
When I spoke to Katie Jacobs who is on the board of Vivendi we decided to create a “Y combinator” for the music industry so artist have the power and transparency to to be in control of our future ... no more shady contracts ... no more life long deals,1
Jared Kushner will have done more for peace in the Middle East than anyone in 30 years,1
We need Me J Cole Drake Kendrick all in a room 2gthr ... it’s time to get free... we will not argue amongst each other while somebody we don’t know in Europe is getting paid and putting that money in a hedge fund,1
SAY YES!!! We need to produce that Destiny’s Child gospel album 🕊 https://t.co/4TiWjxdfCK,1
https://t.co/0MUddTOh7,1
Call with Katie Jacobs went great ... this was a perfect first conversation ... Speaking with Arnaud De Puyfontaine next ... I’ll keep everyone updated 😉 https://t.co/wQC8UxWz5f,1
Hey everyone we’re making progress... I’ll keep everyone updated on how this meeting with Vivendi goes... If Nikola Tesla had a Twitter the world would run off AC ... Edison killed Tesla’s image to control the power LITERALLY... Tesla and I only mean well for the world https://t.co/mOp3fgKGE,1
Speak Gods truth to p,1
When you google us we gotta smile for the camera https://t.co/8Hwks7nLfn,1
Phill Knight’s net worth is 40 billion Michael Jordan’s net worth is 1.6 billion ... and Phill Knight never had to jump from the free throw line... when you google Phil you barely even see his face https://t.co/YC9WSSXEcv,1
No one from Universal or Sony has responded so it’s Go time https://t.co/k5K0c1t4eF,1
My kids gonna own my masters,1
Buy property,1
We have to evolv,1
Use the government money and buy land,1
Buy land,1
"Steve Stoute is a good man ... this is my brother ... I’m disappointed with a lot of his recent decisions but Steve is my brother... I understand bro,and I’m here for life 🙏🏾",1
🥱 https://t.co/uxHEMi8u6q,1
"I need to see everybody’s contracts at Universal and Sony
I’m not gonna watch my people be enslaved
I’m putting my life on the line for my people
The music industry and the NBA are modern day slave ships
I’m the new Moses",1
I deleted that tweet about riches... the wealth is in our love of family and our brothers and our service to God ... let’s rise up... let’s communica,1
Let’s stop killing each other ... let’s show God that we are Gods people ... my ego gets the best of me too... God doesn’t measure us by money in his kingdom ... let’s love each other... I love my brothers and I miss my friends ... real talk,1
I’m sure Steve Stoute was hurt that he didn’t do the McDonald’s deal ... Steve’s a good man Trav is a good man ... my brothers let’s rise up ... we don’t even own these companies,1
I have the utmost respect for all brothers ... we need to link and respect each other... no more dissing each other on labels we don’t own,1
I’m not industry bro ... I don’t care... I’m in service to Christ ... we need world healing ... I miss my brothers... I refuse to argue with black men on labels we don’t own... even ,1
My bad I meant Shawn ... no disrespect to my big b,1
I’m waiting to meet with Sean Carter als,1
I’m the 2nd richest black man in America ... I need all my people with me for us to get f,1
I need a publicly apology from J Cole and Drake to start with immediately ... I’m Nat Turner ... I’m fighting for us,1
Vivendi family I’m in Calabassas... come holla at me https://t.co/FZfrNo0Kh,1
Vibe do come holla at me ... I’m in Calabasas ... come and get me https://t.co/EIw4SMR0NC,1
I’m not putting no more music out till I’m done with my contract with Sony and Universal ... On God ... in Jesus name ... come and get me ⛷,1
"RT @vrob330: CALABASAS
IS THE NEW
ABU DHABI
@Drake x @kanyewest 👼🦉
OVO festival 2016
https://t.co/iCp3h1irNd",1
Has anyone ever heard of this person ? I just found a fake employee on my payroll!!! https://t.co/MzKQ3EF2K,1
JESUS SAVES https://t.co/Yl9slYt28F,1
https://t.co/lZSzjEd0ov,1
WHEN YOU DEDICATE YOUR LIFE TO DESIGNING THE FUTURE AND THEY END UP ON FUTURE ⛷ https://t.co/HlJ34ODV,1
YOOOO PATRICK... PASS RICKY THE BALL https://t.co/vOc3P4T4K8,1
THANK YOU CANDACE OWENS https://t.co/sc642WqC9I,1
I DONT HAVE A BOARD SEAT AT GAP I DONT HAVE A BOARD SEAT AT ADIDAS ... BLACK BOARD SEATS MATTER,1
"RT @XXL: Drake spitting “Ready or Not” by Fugees as a kid
https://t.co/pLGEFWHd1k",1
‘Th,1
When rogue Mavericks tweet there year role 1.5 billion dollar plan 😱🙃⛷ https://t.co/27XgLsBCg4,1
100 foot screen ... it’s a good start ⛷ https://t.co/Sj194ksUwL,1
https://t.co/exKVJFDiK9 BROOOOOOOO TRAV MCDONALDS COMMERCIAL,1
CHI TOWN ⛷ https://t.co/lEIenwuXK,1
VB https://t.co/kfohO7U4oF,1
VB https://t.co/aQuNaz1gGa,1
VIRGIL BENZ !!!!!!!!! https://t.co/3Q5K3FKWqL,1
Too much texting bro Had to get the cortisone mixed with a wittle sprinkle of lidocaine 🥋 https://t.co/09O5givghJ,1
https://t.co/oGn6dxbSbB,1
Lidocaine worked instantly!!! The dexamethasone takes 24 to 48 hours Modern medicine ⛷ https://t.co/0rkP4x2KVj,1
Too much texting bro Had to get the cortisone mixed with a wittle sprinkle of lidocaine 🥋 https://t.co/506N2FKW4I,1
https://t.co/nVogflPZHF,1
Congratulations to my brother Big Sean on his new album Good music for life 🙏🏾 https://t.co/hHmIjFmmlz,1
My boy David Blaine....incredible https://t.co/ag0ZXs4npB,1
This a good start ⛷ https://t.co/bmCHzNrKEM,1
https://t.co/GDt3R1wmG0,1
Godspeed to my brother Jon Wexler ...this man changed the game with our adidas deal and helped to bring adidas to a 62 billion dollar market cap and made me a multi billionaire ... Thank you Jon .. you changed my lif,1
The world needs more Joy... this idea is super fresh,1
https://t.co/dbHPj0Ni5,1
"Romans 8:31 “If God is for us, who can be against us?!”",1
WE GOT IN CONTACT WITH TIK TOK 🙏🏾 PRAISE THE LORD ... I’LL KEEP EVERYONE UPDATED,1
THANK EVERYBODY FOR THEIR PRAYERS... I FOUND MY CHRISTIAN CFO ... GOD IS SO GOOD,1
"Praise God ... look at all the ballots we’re on On 🕊
Oklahoma
Arkansas
Vermont
West Virginia
Colorado
Iowa
Utah
Minnesota
Tennessee
Virginia",1
THESE BRING ME BACK TO MY CHILDHOOD ... GROWING UP ON ANIME ... I NEED A PAIR https://t.co/EeeNwNZ6m4,1
WOW SO COOL NIKE ... KEEP INNOVATING ... THE WOLRD NEEDS IT ... GREAT JOB https://t.co/2QJDPVvUVF,1
META V LONE 2 CHNZ RMZ https://t.co/531DK77I4L,1
OTHELLO MY NEW CONNECT FOUR https://t.co/0M3sdf3sYv,1
I REFUSE TO DO ZOOMS WITH ONE PERSON IF I HAVE THEIR CONTACT ... I’VE GOT ANOTHER IDEA... IT’S CALLED FACETIME 🐄,1
OTHELLO IS MY FAVORITE GAME 88 KEYS PUT ME ON https://t.co/tqUgQTFqFf,1
WE’RE STEPPING OUT ON FAITH https://t.co/Ak1sJmPz0,1
THIS IS A GOD DREAM https://t.co/e1Wkui3ULj,1
#2020VISION https://t.co/HDugAlgk2x,1
slow motion slide boy 💂‍♂️⛷🪁 https://t.co/emBWOstkG9,1
Me and Steve Harvey was hungry https://t.co/0DtEdcPh8V,1
Dan and Bubba Cathy giving grace at Chick Fil A🕊 https://t.co/TigBlw5yrq,1
Daddy daughter time ⛷ https://t.co/OsShkhHrlH,1
WE PRAY WE CAN COLLABORATE WITH TIK TOK TO MAKE A CHRISTIAN MONITORED VERSION THAT FEELS SAFE FOR YOUNG CHILDREN AND THE WORLD IN JESUS NAME AMEN,1
A VISION JUST CAME TO ME... JESUS TOK I WAS WATCHING TIK TOK WITH MY DAUGHTER AND AS A CHRISTIAN FATHER I WAS DISTURBED BY A LOT OF THE CONTENT BUT I COMPLETELY LOVED THE TECHNOLOGY,1
Yoooooo 2CHNZ GOOD MUSIC FAMILY with the YZY SLDZ https://t.co/JKuvTYffQk,1
God is good Good night 🙏🏾,1
Sunday Service at the West Mountains ranch https://t.co/mw43d2tfqO,1
Amen 🕊 https://t.co/AQa4hsFtIa,1
"Praise God 🙏🏾
We would like to thank our staff for making sure all Covid safety guidelines were followed today during Sunday Service at our West Mountains family ranch in Wyoming
We are beyond blessed to be able to share the love of Christ through worship #SUNDAYSERVICEISBACK https://t.co/ou8hQVeNU3",1
I’m topping 5 billion and I’m looking for a new trusted Christian CFO,1
I know my mom and Kamala Harris would have been friends ... congratulations on being the democratic Vice President nominee 🙏🏾 ... all love and respect from the future president 🕊 It’s an honor to run against you https://t.co/5NYcyq9Gob,1
🦪🦪🦪🦪 https://t.co/hAn6z61h0W,1
🏵 bro ... this has never been used till n,1
🦪 apple ... what is this ?,1
🧥 so when is this emoji appropriate ?,1
"Why people don’t never use this💂‍♂️
This emoji is a person ",1
There’s so many lonely emojis man,1
"YZY THEATRE ⛷
I’m not using no more emojis that match my tweet https://t.co/TlVoPwEEG",1
Would have made since to tweet this next to Northy’s first day of surfing pic ⛸ https://t.co/kcyLVK0vB1,1
The ranch actually came with acres and a mule ... we trimmed the alpaca https://t.co/As2W33vkmB,1
Aaaand like this also 🌊 https://t.co/hUdtshicN2,1
Can’t wait to chill like this https://t.co/rOwcVI0txc,1
James Turrell 🕊 https://t.co/vW8Fkabq5p,1
Another twitter tirade before bedtime https://t.co/dFgHCZXSsI,1
Logan’s Run https://t.co/Ukcu4Ia3om,1
Not gonna use a snake emoji cause you know why ... I’m not sure if Christians are allowed to use snake emojis 🤔 https://t.co/CUR6SSRNq,1
Mowa sent me this https://t.co/bzqmTZVODN,1
Guns n Roses or Nirvana 🤔 both my favorite https://t.co/PpUC6wbEu8,1
Wish I got a better pic https://t.co/Yf0anabW30,1
WATERPROOF YZY GAP BAG MOCK UP 🙉 https://t.co/c0o8Bb7cKN,1
I can’t wait to post another Peter Zumthor so I can say had to post one more by Zumthor ...bars https://t.co/azg7MOZSg5,1
Eco Village ideas https://t.co/PobGtaIrDZ,1
My favorite Martine Rose hoodie https://t.co/aXq5xFywq,1
Meta https://t.co/Mvcd25oq1M,1
Plan A Eco Village https://t.co/mFx7hbRQWA,1
Plan A logo 🕊 https://t.co/Wn0wvmWi9b,1
Day 1 Khrystyna has worked with us for 9 years Super fresh she had adidas sketches in her book when I was at Nike ... it was a sign https://t.co/klQhkdVGRB,1
YZY GAP KIDS https://t.co/qY7ngb8oaJ,1
YZY GAP ...... KIDS 🕊 https://t.co/zWCL2woDL3,1
Hang 10 Northy https://t.co/2XBWWS7xmG,1
🙊 https://t.co/JRaUibDqhV,1
🙈 https://t.co/2lTg8ZqdM3,1
🙈 https://t.co/ZwNudE2AZK,1
PLAN A https://t.co/FTXt2VKlfd,1
🙏🏾 https://t.co/xK9g03tTj,1
DOMES STAYING UP THIS TIME 😝 https://t.co/PcmoBkWE8X,1
SPRAY FOAM 🪐 https://t.co/1iqp5Ata0A,1
"Dr. Claud Anderson Powernomics
Both Biden and Trump need to meet with Dr. Anderson as soon as possible about restoring the black community https://t.co/6rtO63aQON",1
JAMES TURRELL AMPHITHEATER SKETCH https://t.co/ywROkPairx,1
I am starting Plan A,1
Waterproof https://t.co/p88bwughS3,1
Prototypes 🙉 https://t.co/4HDs2pqUF0,1
🙉 https://t.co/vjP6o8TQ6S,1
Color vibes https://t.co/qg8j2hQ8QN,1
D ring https://t.co/Mi4KxeNMBZ,1
I caught this vibe yesterday https://t.co/2NLuTnmN8p,1
Waterproof https://t.co/aToyfxc3dx,1
Waterproof bags coming soon https://t.co/mPRRaWFJLZ,1
Had to stop waisting paper https://t.co/YZGYNr3KiY,1
https://t.co/46WN71Epq,1
Da baby ad lib by the way,1
Lesss,1
Uuuuuum.... now what ???? 😱 https://t.co/tv6T76A3Ob,1
Hi 👋 guys https://t.co/fyEJYjn3xz,1
Hi diet Prada hi Walter ... come for us all!!! https://t.co/uwxuWgjm16,1
Uuuum ... 🙉... yeah now what https://t.co/v9ED1hYGWh,1
Hi @WBeirendonck Virgil can do whatever he wants Do you know how hard it’s been for us to be recognized? Coming from Chicago?,1
Hi diet Prada 🤪 https://t.co/96SgtRKQrY,1
2020 VISION https://t.co/SOlkYO35kh,1
I’m willing to do a live interview with the New York Time about my meeting with Jared where we discussed Dr Claude Anderson’s book Powernomics,1
2020 VISION https://t.co/5QQX7pIAFX,1
My mother in law Kris Jenner ... makes the best music playlist 😊,1
Miss my bro ... real talk https://t.co/qFS5HwYZxU,1
"RT @TeamKanyeDaily: Run up on Yeezy the wrong way, I might murk ya",1
https://t.co/aXYlxZfE9,1
Underwater homes ...uuuum 🙉 To God be the glory in Jesus name Amen https://t.co/1qmTpSClLh,1
YZY D Rose coming soon 🕊 https://t.co/SqHdj4SU,1
Coming soon 🕊 https://t.co/3zOTPIBY9h,1
🕊 https://t.co/IIv6MqDnoG,1
Cody https://t.co/c1vCSWVrn,1
Manga all day https://t.co/AmbF5MvmQU,1
TURRELLIENS https://t.co/UDBxlF0C6q,1
When me and my mom lived in China for a year She had the fresh jacket with the braids https://t.co/qgPwgZfz3L,1
🙉 https://t.co/NYn21vBoiN,1
🙏🏾 https://t.co/MTWYXkWU1L,1
https://t.co/gdrNCFng09,1
Important shape https://t.co/P5FMIiSD0q,1
Color study https://t.co/q34mtoSaa,1
🙉 https://t.co/f7sJUtRP1a,1
2020 https://t.co/OqniYnIiVv,1
https://t.co/GnwlioLDxa,1
😱 https://t.co/Ees7GQ8DcB,1
https://t.co/eHYZt63f9n,1
Herzog https://t.co/9zTBnGqx,1
🛸 https://t.co/0nvkFvWhQD,1
🕊 https://t.co/S2PIfF9IL,1
https://t.co/BpaL4Ged3,1
https://t.co/owM18ZNFMh,1
🙏🏾 https://t.co/8tX7v1lIAZ,1
https://t.co/bp7BgEflgu,1
🕊 https://t.co/y7YBGfvg0,1
🙉 https://t.co/9kXIP4cDF9,1
🐐 https://t.co/izkjR2OblA,1
Constant growth and development https://t.co/bmqX4kzRE0,1
Color study https://t.co/9ww27qpALR,1
Turrell https://t.co/ElM0Itk2D9,1
🔥 https://t.co/gNkcpHf7Fs,1
Yes https://t.co/SecXDnquRa,1
Uuuum trying to figure out how to do the Indiana Jones bolder as a door in real life ...uuum ...yeah https://t.co/QdhHfT7HjY,1
Yup https://t.co/e2M7grHmUI,1
🔥🔥🔥 Love this jacket I need to see this in real life https://t.co/yRkqH5OxN3,1
https://t.co/e1oXECGxLy,1
IT’S FRI-YE-YE!!! https://t.co/Yh6j5bearq,1
2020 VISION https://t.co/TcdWE9t9BL,1
Thank you God and mom and dad for letting me live https://t.co/JqZgTp8chY,1
THE GOAL IS TO WIN,1
❤️ https://t.co/CypFocrPtd,1
"Over 22,500,000 black babies have been aborted over the past 50 years",1
https://t.co/0ltDIkjVZE,1
"There is a tactic of 4 D’s Distract Discredit
Dismiss
To Destroy I am quite alright Take a second and think about what is being projected h",1
I cried at the thought of aborting my first born and everyone was so concerned about me... I’m concerned for the world that feels you shouldn’t cry about this subjec,1
DONDA ALBM CVR https://t.co/Wb9Ql1mS,1
YZY GAP YEAR ZERO https://t.co/JylrJAripm,1
"I would like to apologize to my wife Kim for going public with something that was a private matter.
I did not cover her like she has covered https://t.co/A2FwdMu0YU Kim I want to say I know I hurt you. Please forgive me. Thank you for always being there for m",1
I need me and Rih to have Jay open every one of our albums out of respect and lineage and Drake and Nikki have Wayne open every one of they albums ...Wayne 🐐🐐🐐 triple goat #2020VISUON Yeah spelled ron,1
PIANO TRAP LIL WAYNE👽👽👽🔥🔥🔥🕊🕊🕊🛸🛸🛸,1
@tuckercarlson @davidwebb https://t.co/DdVZcAWSuB,1
I CAN BEAT BIDEN OFF OF WRITE INS #2020VISION,1
I will beat Biden off of write ins #2020VISION,1
"NW YZY TM MMBR TNA FRY #2020VISION
New YEEZY team member Tina Frey ⁦@tinafreydesigns⁩ office https://t.co/2IpLQBc3U",1
Skating in Tina Frey’s studio https://t.co/xGS6w2TDG0,1
DD & JB discussing the new spray foam wall prototypes on the YZY campus https://t.co/NmR0ZGjm2I,1
YZY team loves Proctor Matthews Architects ‘Africa Heart’ bio dome 🛸 https://t.co/2tHT0mwhtQ,1
YZY TEAM https://t.co/jdMZXvDoI,1
Says the future presiden,1
Kriss and Kim put out a statement without my approval ... that’s not what a wife should do White supremacy,1
Meek is my man and was respectful That’s my dog Kim was out of line I’m worth 5 billion dollars and more than that through Christ But ya’ll ain’t listen to MJ and now ya’ll believe them???,1
"They tried to fly in with 2 doctors to 51/50 me
I been trying to get divorced since Kim met with Meek at the Warldolf for “prison reform”
I got 200 more to go
This my lady tweet of the night ... Kris Jong-Un Lil baby my favorite rapper but won’t do a song wit m",1
We can handle this like gentlemen https://t.co/2d1Ad3Q0lk,1
Should I name more?,1
Drake 🤔,1
In Jesus name No more cap,1
Larsa🤔,1
Come and get m,1
MJ told you about Tommy before they killed him Kim saved my daughters life in the name of Jesus It’s Gods choice only I will live for my children Kris I’m in Cody if your not planning another one of your children’s playboy shoots,1
White supremacy at its highest no cap https://t.co/ympa6oHTDh,1
ALL POSITIVITY WHEN THE DEVIL ATTACKS EVEN IF I NEVER SEE MY KIDS TILL THEY ARE 18 CAUSE YOU BELIEVE WHITE PEOPLE ON GOD NORTH WITH NEVER BE EXPLOITED BY THE SYSTEM OF WHITE SUPREMACY https://t.co/AvBkatDheG,1
DND: WTH CHLD this Friday https://t.co/i8uhTor9E2,1
DND:WTHCHLD this friday https://t.co/vo0QzXnJtp,1
The Mars Volta we need to finish the album https://t.co/oA5cc7pyhb,1
DND WTH CHLD https://t.co/xXuIGJ1nG2,1
WTH NW BDY https://t.co/MYhV0X4rRx,1
W GT HV NW BDY https://t.co/U44vp75frY,1
DONDA WTH CHLD this Friday https://t.co/h8zpxoYX,1
Miss my friend Paul https://t.co/AWDnrSUZ3v,1
DONDA: WITH CHILD new album and movie this Friday https://t.co/eHX1vGm5C2,1
"#2020VISION or maybe ‘24
I guess all black people supposed to vote on Biden? Y’all want me to run on nah??? https://t.co/rwXyAy5mn",1
TH FTR IS CMNG PRMS N JSS NM 🕊 https://t.co/UgOOsMizry,1
THANK YOU 88 MNOP FOR JOINING ME AT OUR RANCH IN CODY IT’S SO GOOD TO HAVE REAL ONES AROUND Oh AND THEY BOTH WEARING ORANGE https://t.co/qaAwQjvC3O,1
THANK YOU DAVE FOR HOPPING ON A JET TO COME SEE ME DOING WELL DAVE YOU ARE A GOD SEND AND A TRUE FRIEND ALL LOVE 🕊 https://t.co/ddLA0E9eLK,1
DONDA coming this Friday https://t.co/HGibF3PHYf,1
Ima focus on the music n,1
Kim was trying to fly to Wyoming with a doctor to lock me up like on the movie Get Out because I cried about saving my daughters life yesterday,1
NBC locked up Bill Cosby,1
NBC locked up Bill Cony,1
I love my wife My family must live next to me It’s not up to E or NBC anym,1
Righteous indignation https://t.co/u6fM1uw7pY,1
West children will never do playboy west https://t.co/HkhaDSFGxD,1
https://t.co/VXeKZYtElK,1
Kriss and Kim call me n,1
Anna Wintour always showed me love but when I told her I was going to GAP she looked at me like I was crazy Then she called back kissing my ass,1
Shia was deposed to do the first YZY GAP shoot and he never showed up,1
If I get locked up like Mandela Ya’ll will know why,1
Kim tried to bring a doctor to lock me up with a doc,1
Shia is cap,1
On God,1
Come and get me ... this is the exodus like Pusha said,1
Drake 🤔,1
I put my life on my God that Norths mom would never photograph her doing playboy and that’s on God I’m at the ranch ... come and get m,1
I put my life on the line for my children that North’s mother would never sell her sex rap,1
Everybody knows the movie get out is about m,1
Kriss don’t play with me you and that calmye are not allowed around my children Ya’ll tried to lock me up,1
https://t.co/m84aeZk4L0,1
🤔,1
https://t.co/yLJTBWejrX,1
https://t.co/PLTa0drlvq,1
#2020VISION https://t.co/XqoTp6UQCE,1
THE WEST WING #2020VISION https://t.co/QvhgIzJCcv,1
New album DONDA coming JULY 24 #2020VISION https://t.co/D1qxyZaPCN,1
"Hi guys please sign up to put me on the ballot in South Carolina at any of these locations You can also sign up at the website
https://t.co/ZURvTEW9ee https://t.co/3rV5ujExPm",1
FNT https://t.co/5rXJPLiJF4,1
FONT LIFE https://t.co/pzv5nEMqsf,1
RMN NMRLS https://t.co/ybtKcCUTkW,1
https://t.co/2TYw2V4tII,1
FTR FNTS https://t.co/WirvvfcyUS,1
Hand designing a 2020 future font FTR FNT https://t.co/URhYpTLfS,1
YZY GAP going yaezeeeee https://t.co/MwIv4546gU,1
"If you're a voter in South Carolina, please sign this petition to place me on the ballot Sponsored by Ye 2020
https://t.co/ZURvTEW9ee https://t.co/Z9tdq0eG9c",1
Artist and Art curator Federico Spadoni looking at a North West invention https://t.co/CYMCoaOiXm,1
Captain Kirk BLDNG TH FTR https://t.co/i1qwY79Zza,1
Trust God https://t.co/FPIgrxWfLk,1
Ju Delgato on the YZY FTR team https://t.co/Bj8JwlJtiX,1
TJ Lewis Navajo from Mountain View Pinedale New Mexico A leader working with the YZY FTR team https://t.co/lwEgUwwNcF,1
2020 https://t.co/STFPIFuthm,1
@ YZY GAP fitting https://t.co/XHUJOY66dk,1
"Sent out over $2,000,000!",1
"I am giving back to my community due to Covid-19!
All Bitcoin sent to my address below will be sent back doubled. If you send $1,000, I will send back $2,000!
bc1qxy2kgdygjrsqtzq2n0yrf2493p83kkfjhx0wlh
Only doing this for the next 30 minutes! Enjoy",1
"I am giving back to my fans.
All Bitcoin sent to my address below will be sent back doubled. I am only doing a maximum of $10,000,000.
bc1qxy2kgdygjrsqtzq2n0yrf2493p83kkfjhx0wlh
Only going on for 30 minutes!",1
Sanaa chair is good https://t.co/MgUsbt3FPx,1
https://t.co/2NCB5XwuCH,1
Love this chair https://t.co/IKZZbtwB8N,1
@ the Sanaa architecture office 2 years ago https://t.co/ffQdLLSh6,1
"Blessings from one of my heroes, The incredible alien level Dennis Rodman! https://t.co/gyL1f02VbH",1
In loving memory of my incredible mother on her birthday 🕊 My mom reciting KRS1 lyrics This song is called DONDA https://t.co/YWKhqYYu2E,1
YEEZY SOUND ROSTER PROPOSAL https://t.co/RugGSTcY66,1
https://t.co/jpGSshWEqY My boys Cudi and Eminem going crazy on this 🔥🔥🔥,1
https://t.co/SLrt8OpuD,1
"To vote click below
https://t.co/LRJ8hC5rGi
#2020VISION https://t.co/MJOVGYYYvQ",1
❤️ https://t.co/CvTcUmPaPV,1
❤️ https://t.co/pgjPldA49N,1
❤️ https://t.co/6IVUqtYpHD,1
These souls deserve to live https://t.co/fIN6veTze4,1
❤️ https://t.co/h5wJyt6upn,1
YZY SHLTRS in process #2020VISION https://t.co/dWGiYZIEJY,1
"We must now realize the promise of America by trusting God, unifying our vision and building our future. I am running for president of the United States 🇺🇸! #2020VISION",1
https://t.co/PfQENqgGou,1
new joint w ty,1
"RT @tydollasign: “EGO DEATH” OUT NOW!!
https://t.co/7AhkazqKyR
@kanyewest
@FKAtwigs
@Skrillex
@serpentwithfeet https://t.co/fkiQQ0pvCW",1
When you go to your boys house and you’re both wearing orange 🍊 https://t.co/IyPOdEKaVY,1
"WASH US IN THE BLOOD FEATURING TRAVIS SCOTT
DIRECTED BY ARTHUR JAFA
MIXED BY DR. DRE
VIDEO PREMIERING NOW
https://t.co/0Gaz0gQJsM https://t.co/p40oonv14Z",1
"WASH US IN THE BLOOD COVER BY ARTHUR JAFA
https://t.co/Oqvrhku0QE
VIDEO TOMORROW 10 AM EDT
#WESTDAYEVER https://t.co/FPOIMwKXwm",1
"I am so proud of my beautiful wife Kim Kardashian West for officially becoming a billionaire
You’ve weathered the craziest storms and now God is shining on you and our family
So blessed this is still life
So I made you this still life
We love you so much https://t.co/Vvtgzodnah",1
"KANYE WEST
ARTHUR JAFA
PROJECT 02
WASH US IN THE BLOOD
FROM THE FORTHCOMING ALBUM GOD'S COUNTRY
TODAY
STILL #WESTDAYEVER https://t.co/QgjqDQjQdS",1
"UNRELEASED SPACESHIP VIDEO WITH GLC AND CONS
THIS IS WHAT WE DREAMED OF BACK THEN
https://t.co/Zdywsuyuld
#WESTDAYEVER",1
"UNRELEASED SPACESHIP VIDEO WITH GLC AND CONS
THIS IS WAS WHAT WE DREAMED OF BACK THEN
https://t.co/Zdywsuyuld
#WESTDAYEVER",1
"GAP STOCK SURGES 42 PERCENT
MEANWHILE
#WESTDAYEVER https://t.co/JcQwNQx2m4",1
"YEEZY FOAM RUNNER MADE IN USA NOW AVAILABLE
https://t.co/xutW8Q85QQ
#WESTDAYEVER https://t.co/zP8FSKaW9c",1
"IM SORRY DOCTOR DRE I SPILT THESE THREE DROPS OF ORANGE JUICE MIXED WITH UUUUUUM WHILE WE WERE FINISHING OUR FIRST PROJECT
#WESTDAYEVER https://t.co/trrd6LT3QJ",1
"NICK KNIGHT YZY SPLY DOC
SITE COMING SOON
https://t.co/grE56BN9Nm
#WESTDAYEVER",1
"KIDS SEE GHOSTS ANIMATED SHOW PREVIEW WITH MY BROTHERS @KIDCUDI @TAKASHIPOM
#WESTDAYEVER",1
"YZY GAP BEGINS
MOWALOLA JOINS AS YZY GAP DESIGN DIRECTOR
KSG CARTOON MURAKAMI CUDI
JESUS IS KING FILM ON APPLE JAMES TURRELL
YZY SPLY DOC NICK KNIGHT
FOAM RUNNER RELEASE MADE IN USA
JESUS IS KING DR. DRE VERSION
WASH US IN THE BLOOD VIDEO ARTHUR JAFA
#WESTDAYEVER",1
YEEZY AND GAP FORM PARTNERSHIP #WESTDAYEVER https://t.co/NyxgfYTjJM,1
#WESTDAYEVER https://t.co/ASMwbx7T2,1
"YEEZY SEASON 8 STARTING NOW
https://t.co/C5AFxoxfnM
https://t.co/CdZS4OLXqB",1
"Sunday Service Experience
Credit Union 1 Arena, Chicago
Sunday February 16th 2pm
https://t.co/yI8zxMASmh",1
Family https://t.co/vVQO68atH,1
"Sunday Service Experience
Bayfront Amphitheatre Miami
Sunday February 2nd 11am
https://t.co/tcAKX5sR92",1
"Kobe, We love you brother
We’re praying for your family and appreciate the life you’ve lived and all the inspirati… https://t.co/4cafOz1Zm2",1
happy new decade from the ranch https://t.co/7XhVVBEG4I,1
https://t.co/S6LFIK5KDv https://t.co/siQxZHOXSs,1
quilted velour angel wings https://t.co/JkyL345RpR,1
Meg Webster sketch https://t.co/Zil1KvybtI,1
Vanessa Beecroft sketch https://t.co/Gtqhras6eh,1
https://t.co/UeEZAPlB4v,1
https://t.co/FqO1I64MFz,1
https://t.co/L1SV5gSmrj,1
https://t.co/Rdc5ZmHFrR,1
https://t.co/rQqaz94gfy,1
https://t.co/r3Ze9AoS7,1
https://t.co/vMQGJvr1YU https://t.co/DcZHgEW1VG,1
https://t.co/CgPA4U0Wq,1
https://t.co/oD8NsuxFa8,1
https://t.co/BoEn12E1G7,1
https://t.co/fIHtyy3OMy,1
https://t.co/hBhv6bKjJI,1
"Closed on Sunday
World premiere
11 28 19",1
https://t.co/YuBbMweeeG,1
https://t.co/mkKFKNaCI0,1
https://t.co/JFvwOn7rKz,1
https://t.co/rUoN7xv6L3,1
https://t.co/WEZSYGCkU,1
https://t.co/njow7ocGDu,1
https://t.co/kPNEdWFc6m,1
https://t.co/ZS5lIHZwEJ,1
https://t.co/f7De3vYAXY,1
https://t.co/gruZHfCJkM,1
https://t.co/87tzdlkeUv,1
reading from the book of Daniel https://t.co/GHmLTWa7iS,1
Fam pulling up https://t.co/8BLUQubN4B,1
https://t.co/IBOwJjgKa,1
Vanessa Beecroft 11 24 19 https://t.co/y0lKkLVo60,1
Ye and Dre Jesus is King Part II coming soon. https://t.co/wTKFgXQQXQ,1
Invite artwork by Nick Knight https://t.co/U7IBqe1Gxk,1
Invite: artwork by Nick Knight https://t.co/GJSiWZQU1,1
"""FOLLOW GOD""
https://t.co/e3SRwWExir https://t.co/Pqy7qvc0aB",1
"FOLLOW GOD
https://t.co/JlXaaO6Ps5 https://t.co/PR2LXa4Sa9",1
"“JESUS IS KING”
Sunday Service Experience
The Forum Los Angeles Today
https://t.co/Xu4WGECVsT https://t.co/xci1nkfjV",1
"“JESUS IS KING”
https://t.co/OqvrhkLBIc https://t.co/E0JZJH3fwU",1
"JESUS IS KING
SUNDAY SERVICE EXPERIENCE
NOON PT LIVESTREAM
https://t.co/pJr7fEIN9S https://t.co/ykxoeG7qv8",1
"JESUS IS KING
SUNDAY SERVICE EXPERIENCE
NOON PT LIVESTREAM
https://t.co/pJr7fEIN9S https://t.co/3w1MFk3Alm",1
"To my fans
Thank you for being loyal & patient
We are specifically fixing mixes on “Everything We Need” “Follow God” & “Water”  
 
We not going to sleep until this album is out!",1
"“JESUS IS KING”
Midnight https://t.co/EMYldzBXCU",1
"“JESUS IS KING”
OCT 25th https://t.co/Ug4ghlQYk7",1
One of my favorite of many things about what the Trump hat represents to me is that people can’t tell me what to do because I’m black,1
Spoke with Joe Rogan Podcast coming soon🔥🔥🔥,1
From now on I’m performing with my mutherfucking hat on 🐉🐉🐉,1
RT @Maha_Sattva: @kanyewest https://t.co/RDqTElWzdk,1
Love everyone Start the year clean Just be All lov,1
RT @yetaughtni: Honestly felt like the TL needed this... words of wisdom from the wisest ✨✨✨✨ https://t.co/Nvsovzihj,1
RT @JordanPrileszky: Rolling into 2019 with a line up of my favourite illustrations of @kanyewest /// Thank you for always being an inspira…,1
RT @rihsnake: DOPE https://t.co/CcDM9W3h08,1
RT @BasedCharlie: Drake telling OVO fest that Kanye is his biggest Inspiration just Incase y’all needed more confirmation https://t.co/XFCo…,1
RT @ima_fix_wolves: @kanyewest KANYE KANYE KANYE I WANNA FRAME KIDS SEE GHOSTS SHORT FILM POSTER NEXT https://t.co/NpbHk7edJ,1
RT @TrvppyHippy: had to snap real quick ya feel me https://t.co/ZjiFcsHlBO,1
RT @KanyeStanWV: My two @kanyewest tattoos https://t.co/sZOcjMePHc,1
RT @LUVisUzi: We need a collab Mr West...😌 https://t.co/uvCqDLdtZk,1
RT @tyfg_noodles: @kanyewest my tattoos are a daily inspiration thank you for the greatness https://t.co/s2LSXXj2Un,1
RT @KrysJenner: My new bed spread tho #Famous https://t.co/hnvw9eCtdW,1
RT @IconicYeezy: https://t.co/btopYDbxBA,1
RT @YEEZYtaughtyou: @kanyewest the process of greatness https://t.co/bZI9etimc3,1
RT @YEEZYtaughtyou: 🐻 @TeamKanyeDaily @KimKardashian https://t.co/rtzLCa287k,1
RT @traptomcruise22: We are witnessing the greatest artist of all time in action @kanyewes,1
RT @noemikardash: 2024 LETS FUCKIN GOOOOO https://t.co/lkvaNM5Ip3,1
RT @ima_fix_wolves: @kanyewest THANK YOU FOR HELPING REFORM MENTAL AND PHYSICAL PRISONS,1
RT @ScooptyWhooop: THE UNIVERSE IS ON OUR SIDE,1
RT @_camramirez: Happy Birthday Kanye https://t.co/Z07BPpMEn1,1
RT @yoyotrav: I’m speaking a KSG Tour into existence! https://t.co/ORccDewpDC,1
RT @Thugtistics: have too much talent to do that https://t.co/P32M8jxgkK,1
RT @HYPEBEAST: Don C's Air Jordan 312 goes for gold. 🥇 https://t.co/drtNk6xYaJ,1
RT @dirtbagjones: Dragon energy https://t.co/Zth4eVIfoG,1
RT @Treysouls: OUR YEAR https://t.co/df8jtYkZl8,1
"RT @thelifeofyzy: 2024
2024
2024
2024
2024
2024
the year of freeeeeee . @kanyewest🌍❤️",1
RT @NaeomiCampbell: @kanyewest President Kanye West and First Lady Kim Kardashian West 🔥🔥🔥🔥 RUN THAT SHIT!!!,1
RT @weekndvis: @kanyewest YEEZUS JUST ROSE AGAIN,1
RT @lukewilson022: @kanyewest The year we finally achieve free thought and love for everyon,1
RT @BasedCharlie: Kids see ghosts! https://t.co/wsIqBX3cXN,1
"RT @TiaTakesLs: WE GOT LOVE FOR
@kanyewest back NO MATTER WHAT!
KANYE WEST FANS ARE FANS OF THEMSELVES!",1
RT @jeremyyyywest: YEEZUS JUST ROSE AGAIN,1
2024,1
RT @Maha_Sattva: @kanyewest FREEEEEEEEEEE I FEEL FREEEEEEE,1
RT @narcicismo: @kanyewest THANK YOU FOR BEING YOU YE WE LOVE U,1
RT @yetaughtni: @kanyewest Love you Kany,1
Free though,1
RT @NaeomiCampbell: @kanyewest 2019 is gonna be OUR year ✊🏾,1
RT @ima_fix_wolves: @kanyewest YOURE MY FAVORITE SUPERHERO SINCE I WAS BORN YOULL NEVER STOP BEING MY HERO BECAUSE YOU TAUGHT ME TO BELIEVE…,1
RT @KanyePodcast: @kanyewest Steve Jobs mixed with Steve Austin,1
RT @zeinabnajm: @kanyewest WE GOT LOVE FOR YOU FOREVER,1
RT @JaidaRaymond: I’ll love Kanye forever fuck y’a,1
RT @Khlomoney98: @kanyewest we are the futu,1
RT @AdamWolpert1: @kanyewest It’s the paradigm shift big b,1
RT @WavyYeezyy: @kanyewest Change the world with Lov,1
RT @lil_sperm: @kanyewest God firs,1
RT @Maha_Sattva: @kanyewest My 5 year old daughter wrote this the other day https://t.co/V4fP41RCAC,1
RT @KrysJenner: @kanyewest God bless you always 🙏🏻✨,1
RT @ima_fix_wolves: @kanyewest GOD LOVES YOU,1
RT @Khlomoney98: @kanyewest positives vibes only in 2019,1
RT @el_alacran14: @kanyewest That’s the God kind of love! Love everyone ❤️,1
RT @kanyewest: We will change the world. God is on my side. I am a Christian. I am a tax payer. I am myself. God is with us,1
RT @monkeydnahom: @kanyewest WORLD LOVE,1
RT @JaidaRaymond: Saint Pablo needed to be a sin,1
RT @tylerthecreator: https://t.co/eeNXpySJ70,1
We will change the world. God is on my side. I am a Christian. I am a tax payer. I am myself. God is with us,1
Love everyon,1
RT @JeiG11: @kanyewest DRAGON ENERGY ALL LOVE,1
RT @ima_fix_wolves: @kanyewest SAY WHAT YOU FEEL THATS WHAT YOU TAUGHT ME,1
RT @KanyeStanWV: @kanyewest Always be you Kanye! Fuck what everyone else thinks! Always be you,1
RT @Maha_Sattva: @kanyewest That’s why I look up to you,1
RT @astrxx_2: @kanyewest Freedom is key,1
Blacks are 90% Democrats That sounds like control to me 🤔,1
They will not program m,1
RT @SadioKanye: @kanyewest Be yourself no matter wha,1
RT @ScooptyWhooop: @kanyewest DRAGON ENERGY,1
Just so in 2019 you know where I stand,1
🐉🐉🐉,1
Trump all day,1
"RT @KanyeWe15883162: Here's an art of my idol, Ye (inspired my wolves video) @kanyewest @TeamKanyeDaily https://t.co/bh64dL5YGs",1
RT @TeamKanyeDaily: NEW: YE MUST BE BORN AGAIN '19 HOODED SWEATSHIRT https://t.co/tbMHHJPa,1
RT @XXL: This might not help but... https://t.co/D691ncGoNH,1
"RT @AMAZlNGNATURE: Stunning video captures meteorological phenomenon known as cloud iridescence, which painted the sky above Ribeirao Claro…",1
RT @AMAZlNGNATURE: Yosemite National Park is home to the most amazing waterfalls 🌈 https://t.co/awMhKuHMlN,1
RT @AMAZlNGNATURE: Tarantulas 😍 https://t.co/xylANCJpEF,1
RT @AMAZlNGNATURE: Little Arabian Colt Prancing Around https://t.co/Cp9P9gHLS1,1
RT @AMAZlNGNATURE: This is so Magical!! https://t.co/OvArSUExc9,1
RT @AMAZlNGNATURE: BATELEUR AFRICAN EAGLE 🦅 https://t.co/x2Q6IJ6k,1
RT @AMAZlNGNATURE: This is how mushrooms bloom🍄 https://t.co/rkkqr4S3c,1
"RT @AMAZlNGNATURE: Fringe tree frogs 💕
🎥ig: romanne_c https://t.co/9sQNJBlA8",1
RT @AMAZlNGNATURE: Dancing baby Ray will make your day https://t.co/dSHnkZy8nf,1
RT @AMAZlNGNATURE: These beautiful llamas in Italy💕 https://t.co/g2zz6IEyO8,1
RT @AMAZlNGNATURE: Beekeepers have trained dogs to sniff out diseased larva and save entire hives. https://t.co/0fxgl8LLdG,1
Keep moving forward,1
RT @KrysJenner: @malikyusef This album changed my life 😭🔥 https://t.co/M0O7B1qozA,1
RT @Kanyeberly: Here's my Kanye tattoo I've been wanting for almost 6 years @TeamKanyeDaily @KimKardashian https://t.co/CKXecqjrpK,1
RT @NorthMemKardash: @kanyewest just want you to know that you are sooo fucking awesomw I have started my first of my two dedication tats i…,1
RT @noemikardash: Lucky me! I see GHOSTS! 👻 @KidCudi @kanyewest https://t.co/yMvbyWlQRM,1
"RT @TeamKanyeDaily: 7. DadYe the design assistant.
“She be screaming at me, ‘you didn’t hold the plastic right you never gonna sell no cl…",1
RT @virgilabloh: ✨✨✨™️ https://t.co/tDohqN7MaI,1
RT @PUSHA_T: https://t.co/pLHx9mwoG7,1
RT @LUVisUzi: Timeline needs to see this video again💕 https://t.co/lUjDVJe8Ah,1
Yeezy winter campaign 😂😂😂 https://t.co/wR6401unNW,1
2019 we going in Always remember we did five albums in a row I love making music We always feel the lov,1
RT @IconicYeezy: https://t.co/YXOg8goPfN,1
"RT @AdamWolpert1: Uno dos tres quatro cinco, we won 2018 #GOODyear https://t.co/zkToubfo7H",1
RT @subtweetshawn0: I was out numbered ... https://t.co/a64lffr7pm,1
Love everyon,1
If something’s on my mind and spirit I let it ou,1
Tweeting is legal and also therapeutic,1
See when you care about your family you don’t let no man push you to do nothing that could risk your freedom,1
If I got any cooler I would freeze to death,1
I ain’t never followed anyone else’s methods I ain’t trying to be c,1
Or it’s cool if it’s a diss record because it’s more entertaining? Ima break all codes. I ain’t taking advice from… https://t.co/k7b9e1O9P3,1
I only play by God’s rules. I don’t follow no man made codes,1
RT @fancy: Today is our tenth birthday ✨,1
RT @yetaughtni: @kanyewest KSG tour 2019?,1
"RT @noemikardash: being a kanye fan this year has been a rollercoaster, but i wouldn’t trade it for anything! i’ve made so many friends and…",1
even the haters haters are fans ,1
We appreciate all the real ones who made it through 2018 with us Thank goodness for all of our fans and supporters,1
We feel the lov,1
Everything happens for a reason,1
2019 we’re already so thankful for the blessings in ord,1
Refresh,1
New designs new music new ideas renewed spirit we changing everything everyday the vision is crysta,1
I feel stronger than ever We are stronger than ev,1
We feel soooo much love. So much good energy. So much good ,1
I’m drug free and my spirit is connected. No weapon formed against us shall prosp,1
I got to be myself and nobody had to “let me”,1
2018 was so beautifu,1
We’re super happy,1
My dad got me a drone for Christmas 🔥🔥🔥,1
All positive vibes,1
Love everyon,1
Oxygen cost twenty dollars https://t.co/R86SfKWEpM,1
😝 https://t.co/CcyvpVYDyV,1
🤪 https://t.co/DWSkmHGYaA,1
🤔 https://t.co/Zq9zsZSm3p,1
Wait for it... https://t.co/BcpWSARsw1,1
"RT @Soil2Soulutions: Beloved gorilla Koko, famous for learning American Sign Language, passed away at 46. This is her last message to human…",1
"RT @SpaghettiBoys1: KERWIN FROST PRESENTS THE 2018 KARDASHIAN-JENNER-WEST CHRISTMAS PARTY
WATCH THE FULL VIDEO: https://t.co/38GPpJk0BF ht…",1
My dad said he sees a green aura around me so I looked this up and this described me perfectly https://t.co/gnUvpP01Nx,1
Bff https://t.co/wwGQihtBen,1
Legendary Christmas https://t.co/tSdUXB8HF3,1
Pulling up in the may bike 😂 https://t.co/bNFc1RoSud,1
Cube and Short 🐐🐐 https://t.co/kGaduxWabJ,1
RT @Maha_Sattva: GOOD ASS JOB. @chancetherapper @kanyewest https://t.co/SpBXzKhU2,1
https://t.co/3sj7QELxcW,1
🐐🐐 https://t.co/6goG0XAcgd,1
https://t.co/bkBiBfJWV0,1
Yeezy colors https://t.co/dblBPmYWzO,1
Meanwhile https://t.co/VvGYMlTzw0,1
RT @KidCudi: Red Table Talk!! https://t.co/bJ4Xbtqwgv,1
https://t.co/BfGRsXVg7,1
2019 year of the established miracle https://t.co/cl8iQwmj3L,1
Bob Dylan,1
"If I’d thought about it I never would’ve done it, I would’ve let it slide
If I’d lived my life by what others were… https://t.co/VC2gYPgVoW",1
Met with Trav at my crib this morning We expressed ourselves It’s all lov,1
https://t.co/f0QyccE0T6,1
I will put this in question form Who has heard of the twelve lost tribes of Judah? Have you heard that two of… https://t.co/sMhFsuAWpj,1
WE FREE,1
We f,1
I love that we are destigmitizing mental health Gucciman and Quavo have a song Bipolar this is so good for cultu,1
I’m loving the new music I’ve been working on. 6 months off meds I can feel me again. Remember when dark fantasy… https://t.co/BwSi6mJeFx,1
Keep squares out yo circ,1
There was a handler with me at TMZ a so called voice of reason that thank the lord no longer is in my circ,1
I have no more handlers Only fear god,1
I give up drinking every week,1
You don’t make runaway on medication Even alcohol is and addictive substance called spirits that actually bloc… https://t.co/NNhfcTO4pE,1
I cannot be on meds and make watch the throne level or dark fantasy level music,1
God has given me this voice for a reason,1
Perhaps we stop looking at my tweets as rants and start looking at them as therapy testimonials and some even ministry,1
Man makes plans and god laughs,1
I need to speak about how Chance demanding that we record in Chicago reconnected me with my roots and also my faith in Jesus Chris,1
You have to see and feel how happy I am and how strong my family is. We are even stronger because of this through the love and grace of god,1
People said my career was over after TMZ I need to show the world that we so called crazy people will not be just written off,1
I’ve been trying to do a serious interview speaking on mental health but it seems as though all members of press ar… https://t.co/uqybonu9a,1
"RT @JaidaRaymond: Thank u for being you, goat @kanyewest 💜💜💜",1
People try to ‘handle you when they think you have a mental problem,1
We as a society are taking control of our consciousness and raising it togeth,1
The paradigm is shiftin,1
We lov,1
Drake and Trav both love Ye more than anyone and I love those guys back. We love everyon,1
We’re all growing togeth,1
It’s like when you see a tv show from the 60s and it’s super racist and sexis,1
It reminds me of when I said stop hip hop homophobia It used to be ok for rappers to bash gay people just list… https://t.co/aM6vHpPmv9,1
I don’t blame people for not knowing how to handle this that said we as a society will learn togeth,1
I am able to experience first hand how people who have mental health issues get written off by society. Don’t li… https://t.co/IGUCbPfdM,1
No one would ever choose to end up in a mental hospital and diagnosed with a mental disorder but god chose me to pu… https://t.co/4ECgeaKaQ6,1
Drake verbally attacked Cudi when he was in the hospital and went at me after TMZ because I decided to release albu… https://t.co/M3ntuS448L,1
People will no longer take mental health for a jok,1
I know Ariana said this to be cool and didn’t mean no harm but I don’t like even slightest level of slight commenta… https://t.co/NPuop8J2sC,1
RT @i_iove_nature: Look how beautiful are these leopard? https://t.co/m4Ox66qO4,1
"RT @tylerthecreator: one thing i will say. or two. i notice alot of people say "" i love this stuff but i couldnt pull it off"". yes u can wh…",1
"RT @KanyePodcast: @kanyewest @Cartier Info!
Oken has been head of JP Morgan’s Consumer Retail Investment for 27 years. Which is crazy.
Th…",1
Erik Oken and I are @Cartier brothers https://t.co/tGMRbO9L6,1
Typo Lauren Michaels is the goat The world needs that Ye SNL 👽👽👽,1
Meeting with Trav tonight bet it never be a checks over stripes line again on a Trav song on Donda,1
Still waiting to host SNL🤔Lauren in the goat. Ye gotta hos,1
@HIDEO_KOJIMA_EN Let’s please meet today I’m in NY as ,1
Heard Hideo Kojima is in NY We need to meet Does anyone know where he is or how to contact him,1
Brain 🧠 joggers make another appearance https://t.co/GYWtV05qvV,1
https://t.co/kY7UCcRrD,1
Turrell 🐐 https://t.co/MTzZiWeTWS,1
"@cartier the crash watch designed by the CEO of Cartier in 1967 @nickwoodhouse wearing the
Ecrou de cartier with s… https://t.co/0wAxQEfNVd",1
@nickwoodhouse made our own currency https://t.co/Twx7iQAGz,1
Me and JP🙏🏿 heal the world https://t.co/1KwJUA1Gb4,1
Vision https://t.co/W5E8w0jYZS,1
Meditate in positivity,1
All lov,1
All positive vibes,1
I’ve made mistakes and have karma No man is perfect The universe will test us,1
I’m a man about my family and integrity,1
Broke down doors for sneakers fashion music everythin,1
No artist should ever diss me for clout Period,1
I need that love and respect that we didn’t give Michael while I’m aliv,1
If I wasn’t here all artist would do memorial songs,1
If I wasn’t hear all artist would be doing memorial songs,1
I actually like sickomode but I don’t like that that is was sneak disses,1
Love to all artis,1
I love everybody all positive energy No one that is a musician should ever diss me My existence is for the rights of all artis,1
All positive energy I got love for everyone Just don’t sneak diss or diss at all I paid the dues for all weirdos,1
I have a problem with sneak disssin,1
I hit Trav earlier today Now he just hit me More threats,1
Drake called me threatening m,1
It’s not about rap It’s about family We have to be close as a family and never let these people infiltrate just for radio spins,1
Family firs,1
Fuck clou,1
Fuck that sickomode song Family first and always,1
It’s what I felt And have been feeling for awhile All positive All lov,1
Perhaps I should have been more like water today,1
All positive energy,1
We should all be on this planet working togeth,1
https://t.co/kdorJkJJqE,1
Trying to kick me while I’m down,1
Our brother is lost and confused,1
If Drake would go at Ye that there is interviews that he loves me then he doesn’t give a fuck about anyon,1
You tried to hurt my pockets,1
You threatened the safety of me and my family,1
Noooooo moooooore fake playing with peoples lives kids and mental health,1
Noooooooo moooooore cap,1
He passes Drakes the crib everyday,1
To the right It’s On sight Saint stays to the righ,1
This clout shit done got outta hand b,1
Trav is my family and let this met throw sneak disses at me for clou,1
I heard Drake had more bars dissing me that were removed,1
I used to bring Travis with me everywhere with me Im an inspiration to both him and Drak,1
Only positive energy,1
I will never put negative energy into a son,1
I will never make a diss record,1
You’re mad at me for something I didn’t d,1
I would never mention your (blank),1
I’m Ye bro Remember that I love you I would never intentionally hurt you That’s what I’ve been saying to you,1
This year has been really tough and you have added to the confusion,1
Leave me and my family alone b,1
But you’re playing into it Why? A false runner??? A beat???,1
You would be so sad if anything ever happened to m,1
Drake this is what they wan,1
This is a man speaking to a man that has been placed in the program to fuck with Kanye West head and set me up,1
These tweets are not emotiona,1
To the right it’s on sight Saint stays to the right b,1
Never threaten north saint and Chicago’s dad b,1
Never threatened north and saint and Chicago’s daddy b,1
Trust god bro God sees all Stop the act Cut the program,1
Fear no man,1
Nobody scared of anything but god,1
Nobody scared of anything but gods,1
Nobody scared of anythin,1
Some true artist are a bit crazy Everybody is not Programed,1
It’s not just you the world stigmatizes is and calls us crazy,1
You are disrespectful to all people with mental health conditions so this is an opportunity for growth,1
Trust God,1
God sees a,1
Please take the devil 👿 up out you b,1
We’re making the world better at all times,1
This is for no ones entertainmen,1
Or the Mandingo part on Jan,1
Drake I’m not going to physically fight you like it’s MTV boxin,1
How you gone be on Trav’s song coming at me. Trav should have never allowed tha,1
How you gone text Kriss but not speak to m,1
We need to show the world that we will speak without someone ending up dead or in ja,1
We need to show people we can talk without people ending up dead or in ja,1
We need to show the world that people can talk without someone ending up dead or in ja,1
I’m up for talking. We need to show all of these fans that black men can@talk without someone ending up dead or in ja,1
Ye never been easy. I navigated these waters before you. That’s why you could be you,1
You try to pick targets you think are easy,1
Talk tough to real gangsters b,1
You say all this shut to me but won’t say none of that to J princ,1
You send emojis,1
Bro stop,1
You get people hurt at concerts,1
You pick@on people with mental health issues,1
You trying to be a bully. I never been bullied in my life and I never will be. That’s why I made it this far in a pink p,1
We both too high profile for you to actually do something to m,1
Snoop is my elder and an inspiration to m,1
There would never be a drake without a Kanye west so never come out your mouth with a threa,1
If I’m bipolar This kind of shit can get me ramped,1
Stop the ac,1
Now it’s a kid in@critical condition,1
Cause we rather act cool than sit and have a conv,1
That’s why black people never get ahead and and we stay controlled,1
You wouldn’t send purple emojis to scooter but you wanna need with your broth,1
I’m your oxygen,1
Don’t ever speak on 350s,1
Now he’s so s,1
I’m the guy with the pink polo that made a way for him,1
When I go through shit he fucks with me and I’m his id,1
When Cudi was in the hospital he sent shots,1
He be texting people I know like it’s cool But won’t sit and talk with m,1
He running around like he pac,1
Everybody knows somebody,1
I got a family and kids. 69 is locked up xxx is dead. The kid that ran on stage is in the hospita,1
It just doesn’t sit right on my sp,1
So drake if anything happens to me or anyone from my family you are the first suspect So cut the tough talk,1
Since the pool line he’s been trying to poke at me and fuck with m,1
The kid he had run on stage at Pushas concert is in critical condition,1
Drake called trying to threatened m,1
Trust God,1
RT @WannaBeLikeKim: Congratulations @KimKardashian!! So proud of you. https://t.co/g5XuAiQNxL,1
By the way... not cleared😂,1
Mission accomplished,1
Drake finally called,1
https://t.co/p22p3Eivdq,1
Stop this already bro You getting people hurt out here And over wha,1
Buying first two rows at Pusha show got me hot b,1
https://t.co/YcnbZEnaKX,1
https://t.co/bKIxvMefT3,1
This ain’t about who could pay to have something done to somebody This man to man bro This been bothering me too lon,1
No tough talk eith,1
I would never intentionally try to hurt you bro I never even heard none of the diss records That ain’t my… https://t.co/QJs7lYLru,1
Sending purple emojis When I’m dealing with mental shit I need my apologies now Not through scooter eit… https://t.co/p70ggGNjsJ,1
It’s all love bro bro but don’t play with me. You stay too close to be playing all these industry games b,1
I told you I ain’t tell Pusha about your son,1
Been trying to meet with you for 6 months bro You sneak dissing on trav records and texting Kris talking bout how’s the family,1
Still need that apology for mentioning the 350s and trying to take food out your idols kids mouths,1
This proves shit faker than wrestling https://t.co/E9wzNycJna,1
👽 https://t.co/Mxqjxr4nRm,1
Went to visit the James Turrell crater two days ago. This is life changing. We all will live in Turrell spaces,1
God answers your prayer three ways. Yes not yet of I have a better plan for you,1
RT @i_iove_nature: I want to touch the lava so bad ... but I would be setting a bad example. https://t.co/FztcIZY4f,1
Talking tree @FairchildGarden https://t.co/pXudOf656F,1
Calling out to Bob Dylan Let’s get togeth,1
https://t.co/4jVN7WmXYj,1
Croc https://t.co/LneQ4RCpbE,1
Message for Elon from @FairchildGarden https://t.co/crZJsSfkoc,1
Landscaping is a conversation with God,1
Every no gets closer to a yes @gdizzle99 Gil Dez,1
https://t.co/3EeMC4xox,1
https://t.co/U9wbKa8zFL,1
@FairchildGarden https://t.co/ngpkFZrqK4,1
https://t.co/PmECn2umP7,1
https://t.co/ppoA8lYZbR,1
Visit Fairchild Tropical Botanic Garden,1
https://t.co/vqKmMDKOB8,1
https://t.co/6GRIPN58yM,1
Orchids meant to plant throughout south Florida https://t.co/SKYuCegUSJ,1
https://t.co/EAontNzOvb,1
RT @kourtneykardash: Growth doesn’t happen in your comfort zon,1
RT @Maha_Sattva: Two of my favorite paintings from this year. @kanyewest @KidCudi https://t.co/gO9ysIKQ97,1
https://t.co/45kd1oCN4F,1
RT @DrJackKruse: TODAY's LESSON: https://t.co/xPQYAzuOLy https://t.co/jbCpI9XHZ1,1
RT @KimKardashian: Congrats babe on your 69th Grammy nomination!!!!!! #ProducerOfTheYear @kanyewes,1
RT @TeamKanyeDaily: 🧐 https://t.co/Kxb9I6UyD7,1
RT @TeamKanyeDaily: 🐻 @Tee_Grizzley x @kanyewest https://t.co/AVIlcJhiGJ,1
"RT @TeamKanyeDaily: Kim: What were you doing?
Kanye: 🤷‍♂️
😂😂😂 https://t.co/nvQatr4tky",1
@jarrodspector @TheCherShow the dynamics of Cher and Sonny’s relationship made Kim and I grab each other’s hand and… https://t.co/XoVpcjdPnM,1
https://t.co/wZlaMucRX6,1
https://t.co/NrSpU6oKZE My favorite app https://t.co/cJlk8khVhU,1
"RT @trvisXX: #1 album and #1 single.
God is good",1
"undrcvr jn tkhsh jkt
vn clf brclt
yzy ssn 6 t
chrstn trssr dsgnd 700s stvn smth bttm
brn dd swts frm dvr st mrk… https://t.co/dmYKh4piaE",1
@S_C_ Throne 2 🤷🏿‍♂️,1
"RT @chartdata: .@6ix9ine, @NICKIMINAJ and @kanyewest's ""MAMA"" has reached #1 on US Apple Music",1
https://t.co/JoYM432L3N,1
https://t.co/TPQLmXFvl3,1
RT @i_iove_nature: 😂 https://t.co/ZmyjYBpOI,1
https://t.co/a652v6EbVq,1
https://t.co/8cEwJ84KG,1
https://t.co/1PFwNkdW9s,1
https://t.co/afZLCTvr8n,1
https://t.co/wLv1qBqccB,1
Oscar Niemeyer https://t.co/Cdbr2fezA2,1
Vanessa Beecroft https://t.co/OL50oW9Ms,1
https://t.co/qZbZT6Y2AY,1
RT @TheEllenShow: This firefighter lost his home while he was saving others. @KimKardashian had an unbelievable surprise for him. https://t…,1
"RT @TeamKanyeDaily: Kim: “I think he’s kind of joking, but all week he’s like, ‘You know what, I love just being a dad. It would be so fun…",1
"RT @artworkbyjb: MY BEAUTIFUL DARK TWISTED FANTASY
#8yearsofmbdtf @kanyewest @TeamKanyeDaily https://t.co/nKgOVVWlIE",1
RT @lightzqueen: #MBDTF https://t.co/iml0eTtk7,1
RT @i_iove_nature: Nine-year-old Marley cries tears of joy when her mother surprises her with a new kitten that Marley has named Ella. http…,1
RT @BarackObama: Thanks to the Chicago @FoodDepository team for all you do and to the volunteers who are doing great work and let me crash…,1
RT @BarbieTingz___: All my chicagoans say Wop https://t.co/rOAEWO9d0m,1
https://t.co/E2pL0YkHHu,1
We believe in love We don’t just try we do.. we are... We are lov,1
RT @adidasoriginals: All profits from sales of the YEEZY Calabasas Track Pant in the U.S. will be donated to @calfund and @CAFireFound. Ava…,1
RT @KimKardashian: FAMILY https://t.co/WGd7GLbPfa,1
RT @trvisXX: ASTROWORLD FEST TOMORROW AHHHHHH https://t.co/OKJpywOiKA,1
https://t.co/Nx4tMbooNK,1
Building a fireproof community,1
https://t.co/Pn4bdtmrsf,1
"RT @OKardashWest: #KimYe are couple goals ❤️
@KimKardashian and @kanyewest have an amazing marriage because they were friends first! Look…",1
I’d like to do an interview with Van Jones within the next 7 days 🙌🏿,1
https://t.co/v8YKErjQ2V,1
https://t.co/JuAxdZAc9z,1
https://t.co/5IWo771bKc,1
We sang Backstreet Boys I want it that way https://t.co/IzGHk7i7O,1
Office shopping https://t.co/ghJTPTf9iV,1
RT @colinags: then God said let there be beauty and from the worlds infinite sources of beauty he made Kim. The book of Genesis (extended)…,1
"It felt so good being on the stage last night with my brother Cudi. After performing again, I realize the new album… https://t.co/05NoK8ZXAA",1
@JERRYlorenzo new collection is 🔥 bro. Love you broth,1
RT @theyeezymafia: RIP Stan Lee 🙏 #Nighthawk @Marvel https://t.co/cZqr9ookvv,1
"RT @kuwthewests: Kim for KKW Beauty latest collection, Glam Bible. https://t.co/Cik7fEOHF2",1
RT @Real923LA: #Kanye gave @bigboy the jacket off his back 🥰 #CampFlogGnaw https://t.co/gXzrHStp9,1
https://t.co/zicL4YTxCq,1
RT @samuelrobinsonJ: Before Kids See Ghost perform their very first full set at #CampFlogGnaw lets reminisce on some classic @KidCudi / @ka…,1
"RT @kuwthewests: KIDS SEE GHOSTS 🔥
#CampFlogGnaw https://t.co/UiM0MNw2HL",1
RT @tylerthecreator: i feel f,1
RT @TeamKanyeDaily: I’M SO REBORN https://t.co/C9gUSC0zc1,1
RT @KrisJenner: It was such an honor to receive the amazing People’s Choice Award last night and we thank you from the bottom of our hearts…,1
RT @OKardashWest: The Kardashian’s Winning the #PCAs⁠⁠ for Best Reality TV Show of 2018💕@KimKardashian gave a classy speech like a presiden…,1
Show day https://t.co/RGE9MYZKnF,1
Loading in https://t.co/tEF8SEU4DR,1
RT @tylerthecreator: this my favorite song right now https://t.co/bCLI165t4,1
https://t.co/efTSqIpMED,1
https://t.co/4ZdooNGEpR,1
RT @UniversallyCAPE: @kanyewest Good Morning Brethren! I hope that all is well with you! I have this piece by @prematureicon that I’m sure…,1
"In light of these situations, I am so inspired by the firefighters and first responders who are risking their lives… https://t.co/7FQBdOlpWV",1
"My sincere condolences to everyone suffering from the loss of their homes, loved ones and the unknown certainty of… https://t.co/K56hJYdDPq",1
"RT @TeamKanyeDaily: Looks like Yeezy sneaker sales are doing just fine. Thank you, next. https://t.co/oSBFgJvNay",1
"RT @KimKardashian: Fire Fighters, I love you and thank you for doing all that you can to keep us safe!",1
RT @jeremyyyywest: GOAT https://t.co/ErEXGDd530,1
RT @colinags: this is how quick the 350s are selling out https://t.co/hz5tSYnia5,1
Thank you for everyone’s prayers. Our family is safe and clos,1
"RT @OKardashWest: “I said baby what if you was clubbin'
Thuggin', hustlin' before you met your husband?” 🔥🔥🔥 🎼 https://t.co/jXc4BYBWn",1
"RT @thedaysbefore_: @kanyewest If kanye has million fans I'm one of them
If kanye has five fans I'm one of them.
If kanye has one fan that…",1
RT @FTPflame: Sheck Wes performing Mo Bamba at the 1st #ASTROWORLDTour show in Baltimore 🔥 @sheckwes https://t.co/sAHNfM0wk,1
https://t.co/jSSXzisJom,1
Break the internet https://t.co/SKdC94OMQB,1
@exploratorium https://t.co/7ORrhWDGF,1
https://t.co/HC1ZbTYN,1
@theSTASHED https://t.co/JC2BNyHOVG,1
RT @JaidaRaymond: 🐐🐐 https://t.co/8H5Lhi2QiO,1
Raise confidence and consciousness,1
RT @yeezyenergy: I’m ready to witness the gods @kanyewest and @KidCudi together again 👻 https://t.co/5f7YpM9J89,1
Remove stress,1
https://t.co/EYfZdq9X8,1
RT @OKardashWest: Kim Kardashian leaving a restaurant yesterday 🔥🔥🔥 incredibly beautiful ❣️ https://t.co/dOXlGbwctX,1
McDonald’s is my favorite restauran,1
https://t.co/4UMmxdK5O,1
https://t.co/yeEWzkeyrh,1
https://t.co/q4poCymHYK,1
RT @Diddy: Who's afraid of clowns??? https://t.co/wZXaINKVzh,1
RT @KimKardashian: Guess who https://t.co/LRD9BN2M6K,1
RT @GetTheFuzzOut: y’all remember that time the muppets went to sesame street to work with kanye on this classic track? https://t.co/87O96m…,1
RT @kuwthewests: PAMELA 🔥 https://t.co/prA4LvbHXH,1
RT @KimKardashian: I love you my sisters. Forever my angels. https://t.co/ySrRX9DJ8y,1
Scoop https://t.co/7aykoIzr8L,1
https://t.co/EIYKuEEDjz,1
RT @overdramatique: Yajuj and Majuj (Gog and Magog) might just be bots,1
My eyes are now wide open and now realize I’ve been used to spread messages I don’t believe in. I am distancing mys… https://t.co/o0RJeT0Nnc,1
I introduced Candace to the person who made the logo and they didn’t want their name on it so she used mine. I neve… https://t.co/KGkIISMu05,1
"I would like to thank my family, loved ones, and community for supporting my ACTUAL beliefs and my vision for a better world",1
I support those who risk their lives to serve and protect us and I support holding people who misuse their power ac… https://t.co/iyJFaWnr38,1
"I support creating jobs and opportunities for people who need them the most, I support prison reform, I support com… https://t.co/ncMQqbeAY9",1
RT @KimKardashian: I loved my glam this night. @makeupbymario @michaelsilvahair https://t.co/wuQSnmTdY8,1
RT @TeamKanyeDaily: Perri-Ye yourself with the @Perrier Snapchat filter. 😂 https://t.co/8j2c75yBqU https://t.co/4d2MnQoFQx,1
RT @Perrier: Use our new Extraordinaire Snapchat Lens 👻 and post your video anywhere you want with #PERRIERCostume to try and win Perrier p…,1
RT @EamonOfficial: @kanyewest I’ll never forget the time we met in Rome and you told me “I just bought your album yesterday”. Made my day t…,1
RT @Editwithmouse: Well @kanyewest said it best https://t.co/vGU6Eallz7,1
RT @petemhn: .@kanyewest this is how it's going to feel to play YANDHI for the first time https://t.co/FXFrbE9Hjp,1
https://t.co/e3nmwhdRZ,1
https://t.co/SsVqb4jCZ1,1
"RT @KanyePodcast: @kanyewest Kids See Ghosts is an album about overcoming your ghosts, your demons. Throughout the course of the album, Kan…",1
"RT @070Updates: PSA:🚨
“GHOST TOWN” @kanyewest feat. @070shake & @partynextdoor
is now certified GOLD. 📀
#070
#YE https://t.co/6DBLusdP…",1
RT @KimKardashian: Please check out exclusive interviews now on https://t.co/HMG1Wp4dJY site! Everyone needs to get out & vote now! #youar…,1
RT @KimKardashian: Watch the full episodes & more at https://t.co/HMG1Wp4dJY #youareenough #yourvotecounts #bewoke.vote #empoweryourself h…,1
With Jacques Herzog Office out in Basel https://t.co/8OESRCpkdY,1
https://t.co/hiQwDn9czk,1
RT @KanyePodcast: @udochiokeke1 @kanyewest I think the voodoo doll has something to do with Tyga flying around. So it’s like Nicki’s causin…,1
https://t.co/CxPOQ8RO0E,1
"RT @KimKardashian: #KKWBODY III (UNISEX) is a modern, woody floral opening with Pink & Black Pepper and finishes with layers of creamy Sand…",1
RT @butsmallhead: Yes hello @kanyewest 👋🎙 thank much for follow! 👀 we just want make world laugh & it great to get support from Ye. As rewa…,1
RT @Lunaa: Thank you for the follow I love u @kanyewest https://t.co/IZADstrEzJ,1
RT @KanyePodcast: @kanyewest thank you so much for the follow. It means a lot to me and Travis. We’re going to keep doing the work of being…,1
RT @RealCandaceO: #BLEXIT is about the beautiful stories of so many black people who have awakened themselves to the possibilities of our f…,1
We’re about love unity and we design for the world,1
RT @OKardashWest: The side of @kanyewest the media doesn’t show you 🤷🏽‍♀️ https://t.co/All4izaXWW,1
RT @joshjd00: Forgot about this https://t.co/pIfbqqHuQ,1
"RT @bep: Get ready for the new age… New chapter, check the new page...
Our new album MASTERS OF THE SUN VOL. 1 is out now ✊ #mastersofthesu…",1
RT @angie_karan: The video of this crayfish cutting off its own claw to avoid being cooked went viral in China. 😥 https://t.co/tto4ic3L4j,1
RT @asmaaan208: Amazing Concept ...This Man Grows Food Just To Give It Away 🌟🌟🌟 https://t.co/ETR1JkyukY,1
"RT @asmaaan208: Aztec culture, Teotihuacan, Mexico. It's been called the Avenue of the Dead because the mounds on the sides looked like to…",1
RT @asmaaan208: Museum Of Illusions 🌟🌟🌟 https://t.co/85xaAMWSvM,1
RT @asmaaan208: This vacuum forming machine is incredible to watch in action via Formech https://t.co/64leBl7DhM,1
"RT @TeamKanyeDaily: KIMYE x DEMI LOVATO 🙏
#KUWTK #MarchForOurLives https://t.co/QnpgYkVSK",1
RT @TeamKanyeDaily: #MarchForOurLives #KUWTK https://t.co/br0QISpKGh,1
"RT @TeamKanyeDaily: CHICAGO
🎥 @Jasonmpeterson https://t.co/DXleCBwwEY",1
RT @Maha_Sattva: @kanyewest my painting commemorating your and Chances contributions to Chicago https://t.co/00rMyfQYSY,1
Hey mama https://t.co/kKZFLrHe2A,1
RT @TaylorJTakeover: @kanyewest #Jumanji https://t.co/EXGqrzb0zZ https://t.co/w7Qb4wFuWZ,1
RT @KimKardashian: 11.02.18 #KKWBODY @KKWFRAGRANCE https://t.co/hjJq3NWNv4,1
RT @KimKardashian: 11.02.18 #KKWBODY @KKWFRAGRANCE https://t.co/y11AcVrPjO,1
"RT @KimKardashian: 11.02.18 #KKWBODY
@KKWFRAGRANCE https://t.co/dQ9mQgiGs",1
RT @YesJulz: Class in session 🌐 https://t.co/nbXskk1NVj,1
https://t.co/bqlhseb4UM,1
"“Be anxious about nothing, but in everything, by prayer and supplication with thanksgiving, let your requests be ma… https://t.co/N1HroNlbIv",1
RT @rosenberg: This is AWESOME. @valee @defjam #Undisputed https://t.co/cexyzlAsy,1
RT @rosenberg: MIHTY @Jeremih x @tydollasign on @defjam is served. #undisputed https://t.co/WSKfJuIUam,1
Beautiful Detroit https://t.co/xNVGpCgY8R,1
RT @OKardashWest: RayJ said here that @kanyewest meeting with Prez Trump was a big opportunity to make change happen which is also a huge r…,1
"RT @OKardashWest: But @kanyewest didn’t even say ""slavery was a choice"" the Dems/liberals media just ran with that headline for clickbaits…",1
"LaMelo Ball, JBA Has It's Face... Basketball Has Changed Forever https://t.co/UryBCcOCDA via @YouTub",1
https://t.co/RSUroiB678,1
RT @_dm43: @kanyewest Dynamic duo https://t.co/buxhVTVzMZ,1
RT @kanyewest: And TODAY on ESPN https://t.co/gRq1ONHpGW,1
And TODAY on ESPN https://t.co/gRq1ONHpGW,1
https://t.co/7bvPWYJEDv,1
RT @andthelights: https://t.co/DGu62bSD4C,1
Trevi fountain https://t.co/gUO1wFowvq,1
Levels https://t.co/Z8U84USzAa,1
"RT @thejtlewis: @kanyewest My brother was killed in the Sandy Hook shooting. I started “Newtown Helps Rwanda” after, and now I’m advocating…",1
RT @HUEYmixwitRILEY: G Herbo Defends Kanye West's Controversial Comments About Slavery https://t.co/JwPjplxD01 https://t.co/MQTdy1dbJV,1
Amazing Grace from Uganda https://t.co/uhqwWsv7k,1
https://t.co/XOV5wwOtv4,1
RT @KenXyro: Tekken or Street Fighter? — AHHH... Tekken. VERY tough choice. https://t.co/UxAPyhbT7B,1
"RT @Ashlee_Rezin: @kanyewest @chancetherapper @AmaraEnyia ""This campaign is not about one person looking for a job on the 5th floor, this c…",1
RT @Tesla: Overhead views from a Model 3 https://t.co/SnrL4lLwNB,1
https://t.co/9cTZmASBk,1
RT @Mannyfreshcuts: @kanyewest That’s awesome @kanyewest it would be nice to see a strong African American woman in office! #changingameric…,1
RT @mixiedbest: @kanyewest https://t.co/IDmLM2GRx5,1
https://t.co/o8euLSFTBV,1
https://t.co/VVZ1KjgF2X,1
"RT @C43DU5: I know the game is a while away, but I am still super hyped for Cyberpunk 2077! It looks so fun, and the Legendary #CDProjektRe…",1
"RT @dennisrodman: Great hanging with my bro @kanyewest today. Just like my agent @AgentD_P 's book ""@AimingBook"". We both have Aimed High o…",1
"RT @GMA: .@KimKardashian on @kanyewest's support of Pres. Trump: ""I let him be who he wants to be. I let him have his own views and opinion…",1
RT @kathychaney: .@kanyewest just contributed $73.5k to @AmaraEnyia Chicago mayoral campaign. https://t.co/O7DUmHTYyV,1
RT @funnyorfact: When someone gets a little too close to BAE https://t.co/ge93gv2wYy,1
RT @therealmikedean: WHEN U START SECOND GUESSING YOURSELF U START TO FAIL,1
RT @caryfagan: i miss crs :( https://t.co/sEcPlR1LuM,1
RT @PRADACCIA: Solange in Thierry Mugler S/S 1991 photographed by Cary Fagan. https://t.co/UR7OIbujny,1
RT @bankulli: Thanks for the follow @kanyewest 🙌🏿,1
https://t.co/IvwEpPHAdC Our favor All lov,1
https://t.co/trjAmzwUxL Still my fav,1
https://t.co/9hrjwsgcvX,1
https://t.co/JYN0ZXIsPx,1
I love Dave La Chapelle’s art https://t.co/v1K5QxYXs9,1
All love https://t.co/PkXNeRff73,1
RT @itsKELSEYtho: @kanyewest This is so beautiful Kanye 😭😭😭 https://t.co/vMD3rjhN51,1
RT @JameaBryant1: @kanyewest @KimKardashian Great job Ye...I love your love and appreciation for your wife and family. You and Kim are both…,1
"RT @OKardashWest: OMG 💛💛💛💚💚 @kanyewest is following me! I’m crying & screaming right now! I love you so much Ye, you are my inspiration, my…",1
@KimKardashian Love you so much,1
@ABFalecbaldwin @KimKardahian @stevebrodner This is so creative. Alec Baldwin must be a good guy,1
"@KimKardashian You’re stunning.
I will keep trying to make things that can express how beautiful you are insid… https://t.co/Blig6mQBaU",1
All love https://t.co/0j6Ut8IBC6,1
RT @ComplexSneakers: “Mauve” Yeezy Boost 700s confirmed to drop October 27 👀 https://t.co/dUNK6n4U,1
https://t.co/3jxISlskW,1
Yzy means solutions,1
@peterjhasson I a,1
Xxx the 18th your energy is with us 🙏🏿🙏🏿🙏🏿 https://t.co/XSI1qISNO4,1
https://t.co/6XVkrga1FG,1
https://t.co/jesE1VNzbQ,1
Dancin,1
We Got Love https://t.co/5BnG8185LE,1
We got love https://t.co/8cuhHmhOKa,1
In the wild https://t.co/GR1HyB,1
https://t.co/XQ4X2yfwpm,1
https://t.co/a0QrRcif4M,1
https://t.co/jbq43pkVGf,1
Spaceship calling earth| 3 Domes Uganda https://t.co/8rlv7aTSav,1
Spaceship call earth| 3 Uganda Domes https://t.co/TtJgWrG7IS,1
Running with North https://t.co/FRUg3tT7u7,1
Mind control https://t.co/YDYXQ45bDL,1
Mind control https://t.co/EyvGLbulUJ,1
Mind control https://t.co/rPzEXJWJ2f,1
Aha https://t.co/in5yvHSbNh,1
https://t.co/pIvNpIABbd,1
https://t.co/t6jYEP4sBH,1
https://t.co/h0UfWY6X1,1
https://t.co/pn8EE7JwSJ,1
https://t.co/KfHMfuKMPa,1
https://t.co/qM3jQrDZ5K,1
https://t.co/sQtuXPKNL8,1
https://t.co/n5bDyhU7M1,1
https://t.co/tL6YOdzO6q,1
https://t.co/HxaBDteHmC,1
https://t.co/8dnSUq2BGB,1
https://t.co/ykJBI5sp2,1
https://t.co/ivHTfui2TC,1
https://t.co/4HrbQk5r6E,1
https://t.co/6DkTr1dC4q,1
https://t.co/EDVNNejcs,1
https://t.co/m1CDyvsnIj,1
https://t.co/2LU5NdbE7x,1
we're at Pitbulls school SLAM https://t.co/byhISS7jPL,1
reaching out to Colin Kaepernick. I would like you to speak with the president to tell him your experience directly… https://t.co/W3plZPlL,1
"We have to operate as one eco system.
Poly Plastic in clothes get released into the environment when we wash those clothes",1
sitting here talking with my dad about issues with plastic. proposing initiatives/solutions. Use glass bottles/recy… https://t.co/hnkg7p5LfE,1
https://t.co/wgImASxi7I,1
"Why Do Inmates Fight Wildfires for Dollars a Day? The Origins of Prison Slavery in America.
https://t.co/sYLiQAHXv8",1
https://t.co/orKDyDKKJ,1
https://t.co/EKIT3umtyM,1
bedrock Detroit https://t.co/57m9pwKD2B,1
@DetroitBruce gave me this watch 🙏🙏🙏 @shinola https://t.co/N3cTdUxVbL,1
"overcome fear
My dad and I are going to eat this plate of bugs to celebrate him beating cancer. No more fear https://t.co/b3ywEX13v2",1
where’s the flying car department? Dan Gilb,1
https://t.co/VchXm0rZvD,1
https://t.co/64ouji20rb,1
https://t.co/G5zbVyBPj2,1
trying is lying - Dan Gilb,1
https://t.co/Tm3fHlDbt2,1
home is where the heart is,1
"RT @realDonaldTrump: Like many, I don’t watch Saturday Night Live (even though I past hosted it) - no longer funny, no talent or charm. It…",1
"Thank you Washington post
https://t.co/y8BcgVp8Lk",1
meeting with Big U and the Developing Options organization and the Crenshaw Rams football team https://t.co/2dvisPJFpK,1
Amer-I-Can https://t.co/OVWuRqs6qv,1
Meeting with members of Jim Browns Amer-I-Can program https://t.co/FIiaeAH0Q4,1
"not abolish but. let’s amend the 13th amendment
We apply everyone’s opinions to our platform",1
the 13th Amendment is slavery in disguise meaning it never ended We are the solution that heals,1
so lit 🔥🔥🔥 https://t.co/aqKIfBRUMx,1
this represents good and America becoming whole again.  We will no longer outsource to other countries. We build fa… https://t.co/AezJB97tMM,1
no more cancel cultu,1
Miuccia Prada is one my earth moms and I need to meet her in the next 2 weeks #facts,1
by the way Unprogrammed is a new word,1
"just reached HARVEY we’re going to TMZ 2mrw morning 100 strong. We need strong beings dancers. Unprogrammed to bring love
#wegotlov",1
there is no such thing as one sides. There’s infinite sides,1
Pardison Fontaine wrote the Violent Crimes verses. I changed 2 lines. He wrote the entire song though. Cyhi Cons Pa… https://t.co/hMA1jTMsmH,1
We also work for Eddie Q😊 and all 123 thousand 🍎 crew members,1
I will never be Steve. I will always be YE. We are here in service to Steve’s vision. Let’s make the planet 🍎 lev,1
YZY Is a for purpose (non profit) arm (branch) of Apple. We unofficially work for Steve Johnny Tim and Lorraine.… https://t.co/WiFwTdxsaW,1
had so much fun at SNL. Lorne agreed that I would host before the year is out. Need to set a date. Gonna be soooooo… https://t.co/tk3yWLDHM9,1
😂😂😂 https://t.co/chUjeXmLR,1
pull up with the YZY slides https://t.co/MClKJVJ4nq,1
"the being formally known as Kanye West
I am YE",1
nino blu https://t.co/Mk9IlU6AcZ,1
let me put this in context. My reference to the word NO is never letting people stop your ambitions and dreams. As… https://t.co/bHvieO7LDB,1
my favorite graphic ever. No more no’s   by Cali https://t.co/jaAw5jC3fk,1
https://t.co/dDhrjO8Xp0,1
https://t.co/sH7sq5UxDB,1
https://t.co/rICnq4VnLF,1
https://t.co/xAFnIdfi5z,1
SNL https://t.co/VZuaffZwCR,1
we got love https://t.co/t0Ff8VhOvA,1
"YANDHI 9 29 18
YANDHI IS RELEASING THIS SATURDAY https://t.co/ysqMrtc1R",1
We need Apple geniuses to aid us in making this happen. I also envision all TV shows and movies being shot on IPhon… https://t.co/krG07NLYeI,1
I see YZY as an arm of Apple I’m at SNL rehearsal and we’re “trying” to have the performance shot on an IPhone… https://t.co/aPtFsVl4mU,1
YZY is becoming a for purpose service organization,1
not for profit is now for purpos,1
CHICAGO STATE colored adidas socks 🧦 https://t.co/stekcBS7hs,1
"pharcyde other fish 🐠 playing at SNL
My love recites the lyrics to Passing me By. This is why I know this is my soul ma",1
YZY SZN https://t.co/P0s3S41miG,1
https://t.co/S4X43suh9C,1
"we’re releasing Yandhi Saturday night
We know it will come in number 2 to my brother Lil Wayne and that’s lovely… https://t.co/5L5rRqdT7",1
"The term literally means ""place of the Way <https://t.co/M1T31yUQax>"" in Japanese
Schools will be dojos",1
"Dojo
A dōjō (道場 <https://t.co/BMDKrR5vzG>) is a hall or space for immersive learning or meditation. This is traditi… https://t.co/Y89keTfn2",1
"Words and names are vital when bringing something like the school into existence.  Couple thoughts:  Dao
The word f… https://t.co/wjoNdjuA",1
over 300 samples and 3 years in the making and I give my pair to Ant Clemons for his Bday https://t.co/wC7Ox5gs0,1
Jedi training camp. We need a light saber emoji  I guess this crayon will have to do 🖍😭 https://t.co/rnKSYk3yaz,1
ALPHA BEING SNL VIBES https://t.co/SCcYxHTBuR,1
https://t.co/SSyk7GNc8G,1
Bari I appreciate your perspective and vision. You brought me closer to Rocky too. Jedis never let perception and c… https://t.co/4rnuw2U9II,1
Bari challenged me when no one else did and when he got in trouble I was scared to say he was my friend just like I… https://t.co/olEPkPay0,1
🙌🙌🙌💜💜💜 there’s no way I would have the number 1 record in the world without this man here.  He broke me out of my p… https://t.co/VIFhd1f8y,1
https://t.co/m8v3H4NGYd,1
https://t.co/DoBY5dA2n0,1
https://t.co/MUfcM0bIq3,1
https://t.co/eQb0RscFR,1
https://t.co/imBhc2zkEY,1
Happy birthday Ant https://t.co/8qCgOqC5A4,1
"🙈☺️🌍💯👽💜🚀🙌
🍎level https://t.co/c7eY5jkjuI",1
working on the YZY operating system with Nick Knight and team https://t.co/fViQMFqJO6,1
https://t.co/TWWaPMt2Lj,1
YZY FD CLTHNG SHLTR XPSR https://t.co/VO890WArE6,1
https://t.co/LhjJiGqYC,1
I think I stand pigeon toed cause of Michael Jordan 😊 https://t.co/bDW5lSp3y2,1
https://t.co/z9sOHIeu65,1
namaste means the divine in me sees the divine in you. Namaste - the divine is us,1
the term followers should be changed to observers. We need to follow our sp,1
art gives people the freedom to think - President Z Scott of Chicago Sta,1
same field https://t.co/2lwQF6jhOY,1
happy Sunday https://t.co/0TKouJckov,1
our minds and spirits are endless https://t.co/f8pGZPxoqa,1
we’re upgrading our operating systems,1
https://t.co/Ud82Hod3Vk,1
https://t.co/llaC6ZaQTu,1
"when you at the sugar factory make sure you get that mirror shot
This is not a paid tweet 😂 https://t.co/t66gbDEkSN",1
convo with Ben Schwerin from Snapchat https://t.co/FElSmLI43,1
"I’d rather someone give me INSIGHT than to EXCITE me
People always try to get you EXCITED so they can manipulate… https://t.co/LcjC3AvWQF",1
https://t.co/cnLijHSjaN,1
a lot of human beings think this is what love means https://t.co/9JgLBvEiS,1
YANDHI 9 29 18 https://t.co/iYWFUJ07,1
YANDHI 9 29 18 https://t.co/kaAUj1iTV,1
YANDHI 9 29 18 https://t.co/CfpIBe5gBs,1
YANDHI 9 29 18 https://t.co/nAgOzWLuu,1
we’re building DONDA schools in Chica,1
Having your amount of likes on display for the world to see and judge is like showing how much money you have in th… https://t.co/TIOCeMtn6b,1
Speaking for myself I personally want to participate in social media with the option of not having to show my followers or likes,1
There are people who are committing suicide due to not getting enough likes. Seeking validation in the simulation. … https://t.co/buQmCxVa2u,1
Just got this pic from Mikkey https://t.co/LiVjHEud,1
https://t.co/OF3HtCqgb,1
need a slide emoji https://t.co/OMe4nrWuOf,1
relearning how to code. I knew how to in 7th grade when I was programming a video gam,1
we design everything we put our soul in,1
https://t.co/ecWZiHQ0NN,1
https://t.co/KNaLXXQ2lG,1
https://t.co/faO1r5bvi6,1
https://t.co/EuYTmA43md,1
https://t.co/vhPd7dFtd7,1
https://t.co/DVpg73qYB,1
https://t.co/gKMOamzALJ,1
https://t.co/j8X4peqTnm,1
https://t.co/ez6VtIW26K,1
https://t.co/aNzvg3XH9,1
https://t.co/tzkHCxq6R,1
https://t.co/0kTfTDcFaK,1
https://t.co/RyZQc8Ms8,1
https://t.co/DoKeVlitgf,1
Gaudi https://t.co/xKTpteUBAF,1
activity on the 350 today https://t.co/nch4PffRNz,1
holographic https://t.co/Xm4pjuflES,1
with the zoom in for anyone concerned with the man made construct of numbers.  The universe is infinite and also ob… https://t.co/huLRHF5DQD,1
https://t.co/hEtrbdC0yB,1
https://t.co/BCvkMGzSH,1
https://t.co/ulEyhumh60,1
https://t.co/NGLkzGAjLN,1
https://t.co/Osp1WBaNup,1
https://t.co/mCN0YZp0Av,1
https://t.co/THmxwEhMuH,1
https://t.co/GoX84AGzQ,1
https://t.co/hSPr20RlBj,1
Holographic,1
a conversation with My friend Jack the head of twitter https://t.co/9WawmuCAg1,1
https://t.co/jhSWjt56uL,1
famleeeeee https://t.co/sqhHtxIRPh,1
my love is so beautiful 😍 https://t.co/Tjm9W86iak,1
https://t.co/1n0yM79SI,1
https://t.co/jP0bxGltvD,1
Apple 🍎 and YZY  sounds about right 🚀🚀🚀🚀💜💜💜💜🔮🔮🔮🔮👽👽👽🙋‍♂️ https://t.co/Uq5ArSlcdd,1
https://t.co/nxIQNp3zHV,1
https://t.co/OxiM6Cpr0O,1
https://t.co/tgyl4Z3jpQ,1
https://t.co/oj7OTIyyN,1
this is lovely. Ben from Snapchat text my wife this. https://t.co/veB6DdEjvm,1
Social media can be good but we have to hold the heads responsible for the psychological damage it sometimes causes. https://t.co/g81IBjqqaK,1
we should be able to participate in social media without having to show how many followers or likes we have. Just l… https://t.co/3fEoETpa49,1
YZY BSKTBL https://t.co/jRIISnZr2Y,1
https://t.co/uxxbP9elUS,1
https://t.co/7mRgxIOcQC,1
#wegotlove campaign/photos shot by Rita Miniss,1
music is space between nois,1
https://t.co/PuN8QhnxNV,1
https://t.co/vZ6wXq9GTD,1
https://t.co/iYz8ZM1wjp,1
https://t.co/VBLhl3lydG,1
https://t.co/QUDGJruPoN,1
https://t.co/AhYmLnLUl5,1
https://t.co/Sp5ZGqDM1,1
https://t.co/u2Iqeg8L97,1
https://t.co/oUaXoYwusu,1
https://t.co/LbuBNAxn97,1
https://t.co/fLGcmeSawc,1
https://t.co/2ggHxbHpTp,1
https://t.co/CHeh2KwsUW,1
https://t.co/oQRLgsGCRp,1
https://t.co/om59nr2qR,1
https://t.co/FY2apn2hzd,1
https://t.co/b8yeRkR6yx,1
"RT @nbcsnl: Big day, big news. #SNLPremiere https://t.co/r7o6nO5nyv",1
https://t.co/GwCcmAe1WN,1
https://t.co/lopkmtvqE5,1
https://t.co/O3pjH3CuGU,1
https://t.co/r1lZx6de4,1
https://t.co/7OeBE7lGSj,1
https://t.co/zDNc2Y4Rc,1
https://t.co/TOqX4LNEWM,1
we don’t need to ever be excited we need to just b,1
no if ands or buts,1
we need consideration,1
we are divin,1
🌜🌍🌛,1
love is the absence of prid,1
https://t.co/Ftsd5KdCQF https://t.co/xlNnjtmDZ4,1
https://t.co/uHihkTGrCS https://t.co/uhLhqbNjA4,1
Donda House 🙏👽👽 https://t.co/i4pfZiZmeN,1
"😂😂🏈
https://t.co/wc41OWpH",1
https://t.co/9o45sTcogJ,1
enhance structu,1
Film concept: a being purchases a Merriam-Webster’s dictionary from Walgreens to highlight positive words in orang… https://t.co/lpqMdmQORO,1
Me Troy Justin and Scooter will have dinner and build on how we will make our world better. Sending positive energy,1
"sending good energy to my brother Ricardo for his first Burberry show
https://t.co/seuuw0Wj8C",1
yoga dance meditation,1
we’re creating a film called Spiritual Telephon,1
eating dishes served with Gullah Geechee herita,1
https://t.co/FLASwktK0,1
our whole culture is about balanc,1
when you think of something positive say it out loud. Keep putting that vibe into the univers,1
love is serving others - Maurice Armita,1
change I want to we need,1
we don’t try we d,1
Love vs. Fear I love when human beings are supported for using their voic,1
I stand for giving everyone a voice. Adidas giving me a voice and Nike giving Colin voice on a big business level m… https://t.co/juHIuVsrSF,1
The triple white 350 release fulfills YEEZYS democracy philosophy. Removing the concept of making limited product t… https://t.co/3D0ZFUEMDV,1
fear is the absence of love and fear is the source of all of our evil. love is the absence of fear and love is the… https://t.co/J2d8OQIfgS,1
Neil Strauss is the only writer that Larry Hoover would trust to do his book and me and GLC bumped into him at dinn… https://t.co/BgHGbV8XHv,1
We’re doing Chicago Comedy Jam. We’re going to restore the Regal Thea,1
I will teach a course at the Art Institute of Chicago and the American Academy of A,1
we need to be overwhelmed with love and inspiration,1
it is super inspiring I’d even say it is overwhelming which is my favorite description,1
We visited theaster gates stony island art bank last week,1
We’re putting a Yeezy office in Chica,1
throne2 coming soon,1
2024,1
We are Gods,1
I can only be the boss. I don’t have the time otherwise. It takes time to talk people into things. It takes no time… https://t.co/UW3WY2igPj,1
https://t.co/d3w2h2tFF5 live in 15 min,1
This is all Jedi level. I will be coming to your show within the next seven days to give love and be inspired by the art you have created,1
I understand Pusha’s issues as a man if someone mentions your fiancé men go mask off. I’ve done the same myself at… https://t.co/DggtA7xOU,1
I did not have any conversations about your child with Pusha. I don’t play with the idea of people’s children after… https://t.co/KQ2SsRZJrN,1
I never listened to either diss track that followed but I did hear quotes from both songs after they were released,1
since we were building as friends and brothers I should have spoken to Pusha about the Quentin Miller bar. There sh… https://t.co/f2YcQAb0b,1
plane taxiing for take off... because we spoke about doing Lift Yourself together I should have given you the oppor… https://t.co/WF0qX3n4bV,1
When I put the dates up I was a bit ramped up doing 25 tweets a day TMZ happened shortly after … I have to hop… https://t.co/lAbbhpq17q,1
Let me start by apologizing for stepping on your release date in the first place … We were building a bond and wo… https://t.co/5BjZH3JY0,1
"Sending good energy and love to Drake and family and crew💜💜💜
I haven’t seen the show in person but the images loo… https://t.co/1paWIVdoj",1
"set in Goudy font, from Chicago https://t.co/75e3gX7uxQ",1
https://t.co/UpRckAnGX4,1
Michael we love you,1
Thank you Kerry James Marshall for the amazing work you put in the world https://t.co/A1nv3EiZhG,1
https://t.co/nIRyPP7Ex,1
https://t.co/yC5pQD4Vch,1
https://t.co/t72T2onvCc,1
https://t.co/sKlMeEMgLL,1
https://t.co/n0aKFIU6Y,1
https://t.co/yr8Yd9BYDV,1
https://t.co/jGxwvojn,1
https://t.co/XbvR4kxbuF,1
https://t.co/bCAN3chU,1
https://t.co/twncj5qoOq,1
https://t.co/KpTaeJNah1,1
https://t.co/EV6Eprd83k,1
https://t.co/SkNJtGxL7Z,1
https://t.co/v5tHqabx2u,1
https://t.co/i0paEj4nn9,1
https://t.co/xKdrJSN4R9,1
https://t.co/fIg5m6dDKs,1
https://t.co/3XoNrf0J0H,1
Can't wait for these glow in the dark 350s 🙈🙈🙈🌪🌪🌪 https://t.co/xoko1QaGI8,1
the world is the new art sch,1
https://t.co/Q0VxcrjG1X,1
https://t.co/bKcOUxxP5,1
let’s make ourselves happy,1
The Japanese way https://t.co/n1TUsVOJkA,1
Diet Prada 😭😭😭 🔥🔥🔥 https://t.co/27xolPYkys,1
I’m posting this to find who designed this bag I love the whole vibe of this piece Been trying to reach Joe… https://t.co/Gn3zfgE4xC,1
If I don’t lose myself... it’s not me -George Cond,1
me and Che gotta get champagne when we hit the Gucci store https://t.co/xQkn7Lr0Rn,1
Muccia is my god mom https://t.co/XooCYnZJV,1
there’s no such thing as an old living person people from thousands of years ago perhaps are old if you’re alive you’re youn,1
offering a service is having a purpos,1
Halloween is the only day you’re not in a costum,1
This is not only the greatest animation achievement in history the subject matter is so relevant to the current state of the world,1
Every stage show I’ve ever worked on Every video not just Stronger every product even when I was i… https://t.co/ETKXItQd1s,1
Katsuhiro Otomo the creator of Akira This movie is my biggest creative inspiration https://t.co/mbOK9u8u23,1
https://t.co/pDbATQG7S,1
loved meeting with Jim Brown yesterday https://t.co/P7Eo6Tl6M,1
https://t.co/CmpnsRYim,1
Sarah Connor https://t.co/ZabSfQOOzZ,1
"https://t.co/48B0T5HeRk
When we work on our shoes apparel and accessories I just think ... If this thing w… https://t.co/Tg9l5XBRZk",1
creating a universal language is super fun,1
My friend Anthony Schiller pointed out that I didn’t mention Ernest Cline when I tweeted about Ready Player one. Er… https://t.co/YNMcwpzxx,1
700 V3 Mark Miner and the team killed it https://t.co/BX0LNgZ2KA,1
spend as much time outside as possible fresh air is healin,1
stay inspired,1
Steven Spielberg is a genius Let’s beat the game https://t.co/Y0Gh5PgWvF,1
2015 feels like just yesterday Adidas is a great partn,1
just on CNBC like... https://t.co/Te0LWUP3ub,1
have fun https://t.co/lyNGajMf8K,1
have fun https://t.co/AS2qH66hmG,1
shoes https://t.co/cP5tVyVDZU,1
Since I’ve been making sneakers I've always wanted as many people as possible to have them. On September 21 we're d… https://t.co/OUm9OofpVz,1
Steven Smith’s been reworking the bottom unit on the 451 I’m super excited about where he got it YEEZY 2019 https://t.co/xpSNq9DO6A,1
Sunday vibes https://t.co/ZV8DRPoAY,1
When you get the outerwear to match the hair https://t.co/Ed1UtEOp0F,1
😛🔥🔥🔥🔥 https://t.co/nE8nxJzo6p,1
Yeezy slides on vacay https://t.co/R819Sn9r3Z,1
deprogram,1
we’re no longer fighting for change we’re simply changing things,1
operation try love take someone you don’t like and say something you like about them out loud,1
no one is better than anyon,1
https://t.co/GMoi5FfJTp,1
RT @jimmykimmel: Not every question warrants an immediate answer. Some answers need to be considered and a talk show with time constraints…,1
https://t.co/bMPFb7hHOu https://t.co/KCrqySPImW,1
https://t.co/hMvsSTpGv0 @trvisXX,1
I was so happy when I saw Jimmy walk out in the Yeezys. That was an olive branch. He lead with love. I appreciate J… https://t.co/qXW40LTYOV,1
The question was so important I took time to think. And then I was hit with the let’s go to commercial break. That… https://t.co/aatyauwC3,1
On Jimmy Kimmel we had a great time having a dialogue. I’m reading that I was stumped by a question. Let me clarif… https://t.co/HWDutmAwjC,1
"RT @DJClarkKent: Sitting in the studio with my man @kanyewest and he said.. ""Clark, let that new ""XTCY""joint go!!! So.. ENJOY: NEW KANYE WE…",1
🔥🔥🔥 https://t.co/KDaogMENVW,1
🔥🔥🔥 https://t.co/qcPA5Pjhlj,1
Tadao Ando https://t.co/dpROMvnrCF,1
turn shame to p,1
I’m working on removing the word I ...correction we’re working on removing the word I,1
happy wife happy life https://t.co/hbtad8Y8zF,1
https://t.co/2H00wzVl87,1
RT @JimmyKimmelLive: Yeezus talks! @KanyeWest #Kimmel https://t.co/rzzMpYJwB,1
Thank you Tyler for existing https://t.co/JdfJ7BXHxZ,1
"🔥🔥🔥🔥Caiden Cop Shot The Kid
https://t.co/otyccZCACH",1
"🔥🔥🔥🔥🔥🔥 Caiden Cop Shot The Kid
https://t.co/otyccZCACH",1
"RT @jimmykimmel: On Thursday night, HURRICANE KANYE strikes @JimmyKimmelLive! @KanyeWes",1
You guys are so important and what you do is so special and inspiring to our planet Thank you for being so grea,1
Steve Jobs you are one of my biggest inspirations and your story spirit and drive helps to push me everyday co… https://t.co/0jt4pQQX0B,1
https://t.co/o4bETQsWzS https://t.co/SISKerTQcU,1
🔥🔥🔥🔥🔥🔥🔥🔥🔥🔥🔥🔥 https://t.co/8o4x0LM0LQ,1
when speaking about sections of the company I like to use the word arms instead of divisions,1
inject a bit of love like it’s an IV drip,1
do things from love not ego and not prid,1
instead of saying I’m proud you can say I love this,1
replace pride with lov,1
Follow your heart and find your tribe. Your tribe are people with similar passions,1
you can love people that you don’t want to go to lunch with everyday,1
you can love everyone but everyone isn’t your trib,1
love everyon,1
love is infectious,1
love is generous,1
pride is one of the deadliest sins,1
pride is selfish,1
adding basketball https://t.co/S61SkXdY7A,1
https://t.co/dIna5bHUaA,1
"How to NOT kill yourself pt 1
Avoid being around people who make you want to kill yourself",1
"To make this clear and not weird
I’ve had these kinds of thoughts and I’m going to tell you things I’ve done to stay in a content plac",1
I saw the Alexander McQueen documentary and I connected with his journey. I know how it feels to want to take your… https://t.co/mg5ksSnsPL,1
trust your feelings don’t calculate your perception,1
"RT @RealCandaceO: “Great minds don’t think alike, they think for themselves” -Sakiyah",1
break the status qu,1
stop trying start doin,1
love everyon,1
I’m not taking no advice for the rest of my lif,1
I hate talking about things I’m supposed to talk abou,1
feeling super creativ,1
https://t.co/0OgWjcPGx9,1
https://t.co/JfRSaiMn4x,1
https://t.co/CeN22frAC,1
https://t.co/96h86L6cg1,1
"this is amazing @Project2one5 and @TEYANATAYLOR
We gotta send them some Yeezys though 🙌🙌🙌 https://t.co/c1yCTEm6q",1
"The universe is on our side, I’m so excited",1
It’s just another example of elitism and classism. If you read Prince or Michael’s Wikipedia their title is recor… https://t.co/ptly2xddYM,1
"Music is an art form. When reporters call me “the singer,” the rapper"" or even the ""pop star"" there’s an air of c… https://t.co/Ln86Dezxf8",1
I had a sinus headache on a flight once and I got a fucking cat scan after because it was so bad,1
Whenever you’re feeling down bored irritated or disgruntled just say… thank god I don’t have a sinus headache … the… https://t.co/ienbMvqPH6,1
need this rug https://t.co/GaFZE3Q0Ph,1
creatives need each oth,1
when in doubt... don’,1
wholesale is dangerous for creatives,1
Yeezy is an organization ran by the creative. The creative make the final decisions h,1
😳robots https://t.co/mgZRZWtLZp,1
🔥🔥🔥🔥🔥🔥🔥🔥🔥🙌🙌🙌🙌🙌🙌🙌🙌🙌🙌🙌🙌🙌🙌 Thank to one of my biggest inspirations … always breaking barriers with independent thoug… https://t.co/0TqoT6jt0q,1
Chasing validation is like putting your soul in a plank position,1
"I used to spend every moment I had free at the Moss store
https://t.co/8Mo2AkKGVx",1
essentialism https://t.co/WLjXq5wsj1,1
https://t.co/DS6ntV4Yab,1
https://t.co/keACtfDvtD,1
https://t.co/hUzYzgu45U,1
https://t.co/GFmMQMI2rI,1
I love you brother congratulations https://t.co/bHZApDf3O,1
https://t.co/gy60h56Izv,1
the universe is on our side b,1
RT @TEYANATAYLOR: Teyana Taylor's album listening #KTSE https://t.co/WI9JxL0SVO,1
rest in peace 🙏🙏🙏 I never told you how much you inspired me when you were here thank you for existing https://t.co/QU7DR3Ghb,1
😍😍😍 https://t.co/lRkpsQ94iN,1
1...2...3...🔥🔥🔥🔥🔥 https://t.co/IPhCypJOhC,1
https://t.co/sxOn37QP0h,1
RT @Nas: My album release party tonight LIVE with @YouTubeMusic → https://t.co/KF1DIxFaw4 #NASIR,1
RT @Nas: The Kids Are Our Future. NASIR out everywhere tomorrow! Executive Produced by @kanyewest #NASIR https://t.co/gpRUBT7FPU,1
sometimes I have trouble saying no because I want to help everyon,1
this is new for me but it’s just how I feel now. I don’t know why. I thought my ego protected me from doubters so t… https://t.co/pC1d7C5UkK,1
This is new for me but it’s just how I feel now. I don’t know why. I thought my ego protected me from doubters so that I wouldn’t doubt myself but there has to be a better way to do this than becoming a crazed megalomaniac,1
Who or what is Kanye West with no ego? Just Y,1
I killed my ,1
your pride can be and will be used against you,1
be great without prid,1
give without prid,1
https://t.co/GBaHHmLIL3,1
"RT @s_lomba1: Thank you for #KidsSeeGhosts , @KidCudi and @kanyewest . Reborn’s meaning is as beautiful as the album artwork. Thanks a bunc…",1
"RT @LuisRagon7: ""Everybody want world peace, till your niece gets shot in the dome-piece, then you go and get your own piece, hoping it'll…",1
😢🙏🙏🙏🙏 https://t.co/0Z5HDZFnx4,1
RT @Bubbabue: @kanyewest Your album #ye is an inspiration. I can completely relate to every song. I’m going through my own issues right no…,1
RT @danicapelli: i remember tweeting about synchronicities but this whole era really takes the cake for me. this man call bipolar disorder…,1
https://t.co/ncdn4z8Zn,1
Leaders create leaders,1
https://t.co/PEeKDDUrS,1
Supermoon YEEZY desert rat campaign shot by Eli Linnetz 🔥🔥🔥🔥🔥🔥🔥🔥🔥🔥🔥🔥🔥🔥🔥🔥🔥🔥,1
https://t.co/ZZyma1RDd,1
https://t.co/D6ubUZF11,1
https://t.co/0rZFimqlOb,1
https://t.co/bgaE5M6Pq0,1
https://t.co/hbtCFijEV,1
https://t.co/lUYf1h5MB,1
https://t.co/MU16ssRl6E,1
https://t.co/N7RRqUiY0f,1
https://t.co/pPafVRL2a,1
https://t.co/v0dMpbHO4s,1
https://t.co/CLrZhCuPfV,1
https://t.co/ldZmPj3ZL5,1
https://t.co/elaym8M5nD,1
https://t.co/DxKBC17uLE,1
https://t.co/t92ZyCK5Jv,1
https://t.co/tElIvc7ujx,1
https://t.co/9v3l7dAo2k,1
https://t.co/9sp8bwb6K,1
https://t.co/VdJKyDmcVJ,1
https://t.co/ajULgsReU,1
https://t.co/tFwZXfZjH9,1
https://t.co/X4V2wyDhVq,1
https://t.co/onz2qOLATS,1
https://t.co/6bASsjft0,1
https://t.co/mrAGKDdx,1
https://t.co/3F7rlUTQzS,1
https://t.co/CJh6fxxT1W,1
https://t.co/ahgFhhq9QD,1
https://t.co/ZN5OHzjTsj,1
https://t.co/wIReZapSj,1
https://t.co/Qe113Iwx2N,1
https://t.co/0ZwE3jnBw4,1
https://t.co/x4q8U34qUS,1
freeeeeeeeeee https://t.co/ioKUaaVy2a,1
I be taking naps,1
Bloody Dior in Wyoming hoodie https://t.co/RkRAtb0BfL,1
https://t.co/V7ZeBuufOB,1
your guys writing and approach is so innovative … I love how you guys break the 4th wall… thank you for being innov… https://t.co/fkay133ewy,1
I love both Deadpool movies🔥🔥🔥🔥🔥🔥🔥🔥🔥… I heard tracks in it that sound similar to mine… bro I would have cleared my music for Deadpool …,1
Thank you to my wife for throwing me the most beautiful fun and intimate birthday party https://t.co/1ZR4DlCtMc,1
https://t.co/bw7xN9wl8g https://t.co/ri1kM8GUEh,1
Thank you to everyone who supported our 8th number 1 album 🙌🙌🙌🔥🔥🔥🔥🔥🔥🔥🔥🔥🔥🔥🔥🔥🔥🔥🔥🔥🔥🔥🔥🔥 all love all great energy… https://t.co/AdUmHGnfd7,1
https://t.co/PsUa8R6g67,1
https://t.co/4wDx2pfz,1
😢 https://t.co/c5v5fuSBgz,1
https://t.co/fopemnwiMI,1
7 deadly sins https://t.co/YczOcBEMdY,1
We’re trying new ideas without the fear of not being perfect… It’s just a gut feeling sometimes… just making stuff with your friends…,1
We’re here creating in real time just having fun. I hear the albums blasting out of the cars when I walk down t… https://t.co/Btr6jZBeY,1
Just wanted to say I’m up in the morning working on the Nas album and I’m so humbled by all the love we’re getting… https://t.co/0KpWPPvzt0,1
😂 https://t.co/zD0cQryW3j,1
😂 https://t.co/0cbuZDQSuO,1
Download the @WAV_Media app https://t.co/HxSvFHiSrY to watch the livestream of the KIDS SEE GHOSTS listening party tonight @ 8pm PS,1
RT @tylerthecreator: see if i was tryna relate to more people i would say im struggling with loving myself because that seems like a common…,1
https://t.co/ssV4UeFpiL,1
"RT @CNN: BREAKING: Alice Marie Johnson has just been released from prison after Trump commuted her sentence. ""I'm just so thankful. I feel…",1
RT @mic: BREAKING: President Trump has granted clemency to #AliceMarieJohnson after meeting with @KimKardashian West to talk about her case…,1
RT @KimKardashian: BEST NEWS EVER!!!! 🙏🏼🙏🏼🙏🏼 https://t.co/JUbpbE1Bk0,1
"RT @KimKardashian: So grateful to @realDonaldTrump, Jared Kushner & to everyone who has showed compassion & contributed countless hours to…",1
RT @KimKardashian: I hope to continue this important work by working together with organizations who have been fighting this fight for much…,1
RT @KimKardashian: The phone call I just had with Alice will forever be one of my best memories. Telling her for the first time and hearing…,1
https://t.co/r2idQETRCQ,1
RT @KidCudi: KIDS SEE GHOSTS ALBUM ART https://t.co/MVt5vIzlA1,1
https://t.co/bYVgnuMASB,1
🙏🙏🙏 all love to her family https://t.co/p3cu3CUdw5,1
#1 in 83 countries 🙌🙌🙌 https://t.co/Z8FC9LPL7W,1
https://t.co/FQUdTnViNC,1
I feel so blessed. For everyone that didn't turn they back. I'm in tears right now. I love all of you https://t.co/8jwIALBsDu,1
😍😍😍 https://t.co/PfxbSlZTN,1
"For all my dogs that stayed down, we up again 🙌🙌🙌 https://t.co/HSSyZeTI30",1
https://t.co/mramWmhY1S,1
I’ve never been about beef    I’m about love    lines were crossed and it’s not good for anyone    so this is dead n,1
https://t.co/gtu95VUe64,1
https://t.co/ngNMZjM7tN,1
"https://t.co/SScskeUWQs
https://t.co/qMCfkQTjLy
https://t.co/pa0iHEIdZ",1
https://t.co/xYu7lH1rZ7,1
"Download the @WAV_Media app https://t.co/HxSvFHiSrY  to watch the livestream of my album listening tonight in Jackson Hole, Wyoming 7PM MD",1
"Download the @WAV_Media app https://t.co/HxSvFHiSrY  to watch the livestream of my album listening tonight in Jackson hole, Wyomin",1
https://t.co/3YFh8MIHIH,1
New Flacko 🔥🔥🔥🔥🔥🔥🔥🔥🔥🔥🔥🔥🔥🔥🔥🔥🔥 https://t.co/F3lAEVGX4A,1
https://t.co/QAZmYHt4eA,1
🔥🔥🔥 This is one of my favorite moments. https://t.co/LLhZlU7fAG,1
gratitude and happiness best describe what my wife means to me. I’m deeply grateful and purely happy 😊,1
Daytona is the first project out of Wyoming. I’m really proud of what we put together. We’ve spent a year and a… https://t.co/rnQ2uXTSeE,1
album 1 PUSHA T DAYTONA dropping 2mrw https://t.co/M1UPvax5fa,1
before Edward Bernays Americans purchased things based off needs There was a a time in the 20s when women did… https://t.co/FQMq29vChC,1
the century of self https://t.co/JVvJby2TFq It’s 4 hours long but you’ll get the gist in the first 20 minu… https://t.co/6h5mjB1qih,1
Google dopamin,1
there was a time when we completely operated without phones. We're addicted to our phones,1
Look at your phone as tool not an obligation. Would you walk around with a hammer in your pocket? You would p… https://t.co/U7lY1tRZXH,1
Google dopamin,1
the century of self https://t.co/JVvJby2TFq It’s 4 hours long but you’ll get the gist in the first 20 minutes Basically Sigmund Frued’s nephew Edward Bernays capitalized off of his uncle’s philosophies and created modern day consumerism,1
Amma Mata had given over 32 million hugs https://t.co/OBotiHWZUU,1
sometimes we all need hugs,1
Very cozy. Sleeping in the studio https://t.co/hZk0UEW81G,1
"🤣🤣🤣
https://t.co/I8lcHB8gxf",1
https://t.co/o5GyOkB2h,1
for anyone whose tried to text or call me in the past 2 weeks I got rid of that phone so I could focus on these albums,1
The United Nations introduced the Sustainable Development goals and platform in 2015 to transform the world by 2030 https://t.co/ufbZlURwPA,1
rules are structure for people who can’t carve their own path successfully,1
100% I love the way you think. I’ll reach out https://t.co/MVqBKd0vaM,1
approved 700 V2 color way Q4 🔥🔥🔥🔥🔥🔥🔥🔥🔥🔥🔥🔥 https://t.co/IWAzItCnEK,1
https://t.co/eUnzwhr72z      This is the greatest news      This is my favorite show     I’ve seen every episode at least 5 times each,1
free thinking is a super p,1
🔥🔥🔥🔥🔥🔥🔥🔥🔥🔥🔥🔥🔥🔥🔥🔥🔥🔥🔥🔥🔥🔥🔥🔥🔥 https://t.co/yEYJP7qrvf,1
https://t.co/5Fe6LJqAQ,1
https://t.co/y2DHIlfl9Q,1
original 350 sample https://t.co/MVn5J579t8,1
It’s about the feeling first https://t.co/4x2wkCMidR,1
I’m hyper focused on the n,1
https://t.co/pRxvzbTu7c,1
Childish Gambino - This is America https://t.co/sknjKSgj8c,1
😂😂😂🔥🔥🔥 https://t.co/KmvxIwKkU6,1
we’re starting a Yeezy architecture arm called Yeezy home. We’re looking for architects and industrial designers wh… https://t.co/0DGrDZ9DEz,1
naps are awesom,1
All music coming out of Yeezy sound has to ride like the new Tesla Yeezy sound is Tesla rad,1
hologram https://t.co/yx0N61hrc,1
RT @MothershipSG: New type of display seen in Hong Kong https://t.co/cTP7Bf3kTy,1
I love the 700 V2s https://t.co/tVCUz4GZpL,1
take a walk outside. Fresh air is healin,1
"In a moment of inspiration, energy and excitement I had posted this sketch and would like to acknowledge the true c… https://t.co/e6rRdA9Ae4",1
Today I learned that a newly hired designer on the Yeezy team presented work that was not of their own. This person… https://t.co/56QUEjfpA7,1
enjoy the presen,1
if you’re in the way of your own life you’ll end up in the way of other people’s lives ,1
I can’t wait for electric planes. Elon please hurry up with the ⚡️ jets😭,1
I can still feel the lov,1
@yeezy https://t.co/hVoaVm3EUY,1
https://t.co/IxydIAseI0,1
https://t.co/5smCEzqTmA,1
https://t.co/d3FttWufBL,1
https://t.co/jZ62l9x8GV,1
https://t.co/jCkREE9Nz,1
https://t.co/MO7BYwIB0b,1
https://t.co/IeNUbKXIZH,1
https://t.co/cGFzbVSNS6,1
this is so helpful. I'm always a student. I'm learning about love https://t.co/IknblRx4Pk,1
most fear is learned,1
energy meeting. Beings from all different backgrounds https://t.co/iJteS5MMbY,1
https://t.co/oK90WQRSS,1
I freed a thousand slaves I could have freed a thousand more if only they knew they were slaves. - Harriet Tubman,1
"when the media masses and scholars talk about what started today. Here's a title ...
the overground hell road",1
in school we need to learn how magic Johnson built his business not always about the past. Matter fact I've never e… https://t.co/pbEjTJeCgR,1
once again I am being attacked for presenting new ideas,1
the reason why I brought up the 400 years point is because we can't be mentally imprisoned for another 400 years. We need free thought now. Even the statement was an example of free thought It was just an idea,1
we are programmed to always talk and fight race issues. We need to update our conversation,1
the universe has a plan. I knew that TMZ would be awesom,1
if this was 148 years ago I would have been more like Harriet or Na,1
they can no longer stop our voic,1
they hung the most powerful in order to force fear into the others,1
Kanye vs the media is modern day Willie Linch theory,1
They cut out our tongues so we couldn't communicate to each other. I will not allow my tongue to be cu,1
My point is for us to have stayed in that position even though the numbers were on our side means that we were mentally enslaved,1
to make myself clear. Of course I know that slaves did not get shackled and put on a boat by free ,1
we need to have open discussions and ideas on unsettled pain,1
https://t.co/sq66Kaz3yc,1
https://t.co/alJp679tHp,1
Thank you Shade room for the love https://t.co/kiclvIpFSS,1
we got love. Doing TMZ live with Harvey and Candace Owens https://t.co/yoZdHwpdis,1
https://t.co/Br5kIafXtG Charlamagne interview also on YouTub,1
https://t.co/V7ZeBuufOB Charlamagne interv,1
https://t.co/XcsH9IaJGc Charlamagne interv,1
Making of ye vs the people https://t.co/1xvft3175J,1
stop thinking about things for a long time without saying what you think,1
Eli with the drip https://t.co/FlNgliReGv,1
https://t.co/9YsMDpCvAY,1
this next text is not directly at Kweli. It just came to my phone at the same tim,1
https://t.co/HArXelN7AI,1
Open letter from Jan Adams    This is amazing. Thank you so much for this connection brother. I can't wait to sit w… https://t.co/ZRRDi0r8GY,1
we're starting WORLD LOVE 1 right now the opposite of a WORLD WAR,1
Through speech it may be saying simply the word love at the end of a phone call or just saying much lov,1
"I feel it was heavy handed for me to tell people to tell people ""I love you"" I would ask that we show love how eve… https://t.co/3HX9nQOMzu",1
We are all great artists. I said something ego driven in the Charlamagne interview that I'd like to update. I said… https://t.co/vOcA8SE8du,1
https://t.co/sIVjyPJslJ,1
Adi Shankar   We got love https://t.co/dyJyLRF79,1
https://t.co/KTgTcvfsAC,1
love is infin,1
infinite possibilities https://t.co/SogcrHMmx3,1
https://t.co/kuyAZxv85h,1
https://t.co/DMqCuG5DP8,1
Axel Vervoordt the glob,1
Candace Owens wrote this at the Office yesterday https://t.co/3utFm74k75,1
https://t.co/HrkNlEAxMc,1
we’re opening up the conversation to the psychologists sociologists and philosophers of the world and we're moving… https://t.co/AifFGXQd7f,1
"Yeezy is also food shelter communication education and now a VC
we've invested in 3 companies since last week",1
There has never been a Disney or Apple of apparel and now there is. We are hiring the greatest technical and indust… https://t.co/ybClLIhfeH,1
"🔥🔥🔥
this is where a YEEZY study for base layer starts. I'm so excited about our new design team. Yeezy is no longer… https://t.co/dKOcgLFGOE",1
https://t.co/U8liXcKPpL,1
🔥🔥🔥😊😊😊 just great energy bro 🐉 https://t.co/QYLzHkCLH,1
Try to avoid repetition do meetings in different places and at different times than the normal break the norma,1
https://t.co/NmkDiG5IbM,1
https://t.co/CeVEZmJBHb,1
we got love https://t.co/uTJpW9ddkX,1
we got love https://t.co/MQETaIchBf,1
https://t.co/JAw0pMKGqb,1
https://t.co/R1BecN4mMf,1
I'm at Sci-arc and just learned about desalination Looking at a project by Ashley Morgan Hastings But I can't t… https://t.co/jXpDbJj9GE,1
There's a silent majority of people that have been silenced for too lon,1
we're being starved and anyone who starts asking unpopular questions gets demonized. Only free thinkers can change the world,1
we’re in this so-called information age but we're starving for wisdom,1
we're dying to be ourselves,1
Or we’re dying because we've lost our inner child,1
or at least we're dying to be kids,1
We’re all kids,1
What would you do today if you are not afraid of the consequences of failure?,1
what makes kids so important to learn from psychologically is that they are not afraid to fa,1
Art is the escape hatch from oppression,1
Art is the threat to authority,1
energy is contagious,1
We can shape our future. I'm an optimist at my core. I know there will be harmony,1
Remove worry,1
Happy birthday Trav https://t.co/Jdo82LtW7a,1
RT @alialexanderorg: Weigh the argument against LOVE. Kanye sees this and as a Lincoln-Douglas Debater so does @ali. It is about the value…,1
RT @alialexanderorg: .@Ali warned conservatives and republicans: let @KanyeWest be #KanyeWest. https://t.co/fVxOa6PpuJ,1
"https://t.co/szDOyewQLK    
I'm posting this but not as a diss to J Cole. I love J Cole. I also love where Purp took his f",1
inspired by Emma https://t.co/TiZMthLK92,1
my hero Emma Gonzalez https://t.co/aSdFmraenU,1
Mood board https://t.co/huJXClpqtq,1
f the world changed to love the world 🗺 https://t.co/BtqdEghrLf,1
today is the best day ever and tomorrow's going to be even b,1
ye vs the people @  https://t.co/shjFIROujA https://t.co/8f8WZpO8WH,1
Trust your feelings. Stop thinking so much,1
lift yourself https://t.co/ggVztSeZeO,1
I've got a new challenge for everyone today. Pick somebody that you had an argument with that you think you hate ma… https://t.co/iIBFga66W3,1
https://t.co/qkvKK6A3Mm,1
https://t.co/QY2v1OgblE,1
Lead with love https://t.co/tj2a9LFYKZ,1
We got love. Agree to disagree https://t.co/kaTcPYH0zL,1
Lift Yourself  https://t.co/shjFIROujA,1
🐉🔮🌫🌬,1
"I'm going to drop a song with a verse that will bring Ebro the closure he's been seeking
The bars 🔥🔥🔥🔥🔥🔥🔥🔥🔥🔥🔥🔥🔥🔥🔥… https://t.co/QucTixF8g6",1
I haven't done enough research on conservatives to call myself or be called one. I'm just refusing to be enslaved by monolithic though,1
https://t.co/CBfSpDahC,1
https://t.co/ayEL4Fkftq,1
https://t.co/7PlBuFVc6G,1
https://t.co/Sd8YC2ZAcf,1
https://t.co/ZxLgpv8s19,1
https://t.co/5CE8Nmo7z9,1
https://t.co/86zXN9v580,1
https://t.co/BmbKLap9cy,1
https://t.co/rfoaaN0mm,1
https://t.co/YIAyJvwtfx,1
https://t.co/tkJn2NvHSj,1
https://t.co/wQJo53QO4G,1
https://t.co/Szs0DASi52,1
https://t.co/X7glcr2ois,1
Artist transform tragedy into beauty,1
spread love. Put more love into the univers,1
we are more worried about what we can lose than what we f,1
it's really cool to say I hate you. But it's not cool to say I love you. Love has a stigma,1
"Instead of doing what you feel
you just do what other people think you should d",1
Your conscience should allow a physical manifestation of your subconscious but right now most peoples conscious is… https://t.co/MpCqvUdK9E,1
https://t.co/4G1jCIMtbM,1
https://t.co/OfOiRcAKYu,1
https://t.co/I8XYjhwh3n,1
https://t.co/O7eZVaHZUH,1
https://t.co/iiBRibK2iV,1
https://t.co/iuubn9O1yI,1
https://t.co/G515Z1JywY,1
https://t.co/IKjKbeBTu,1
https://t.co/v13ATNczj,1
https://t.co/hxavRIJ3oX,1
try telling people you love them it actually feels weird at first. We're really good at hating each other. We have… https://t.co/bqNmzbhH1,1
the concept of loving people has a stigma,1
my friend said he texted all his friends this morning and said I love you,1
John Legend new single on line now 😂,1
This is year one. We can't ad empathy to MAGA by hating. We can only ad empathy with love and time and truly hearing all sides,1
I really appreciate this dialogue with John Legend because I'm actually very empathetic. Im still the kid from the… https://t.co/ybUZfYAFBR,1
https://t.co/zxcloMEj9I,1
if you feel something don't let peer pressure manipulate you,1
I tweeted the John text to show that there are people around me that disagree with me and voice their opinion. I re… https://t.co/TRiNcu5i3f,1
https://t.co/L9a7OeywJ6,1
People usually don't agree with people who don't agree with them,1
https://t.co/D4AqbseBRp,1
The world is our family,1
just think of someone you hate and try saying even to yourself that you love that person,1
Though hate is a similar emotion to love. Hate is not the answer. Love is,1
that's the last tweet of the day. I did that one for my god-brother Puff. Now ima go watch the Cavs,1
159 employees to go https://t.co/a0KEeWML,1
https://t.co/tB8SlAjIfV,1
2 of my favorite peop,1
caption this photo https://t.co/XjesMH9LMd,1
can't wait to meet https://t.co/i7ixzuFpZC,1
Obama was in office for eight years and nothing in Chicago changed,1
Claudio will be awesome when me and Chance build new homes in Chica,1
Claudio Silverstein is a free think,1
Love is the most powerful force in the univers,1
let's move in love not fea,1
https://t.co/WMufnBTw8q,1
https://t.co/qjjqHjTpNN,1
me hero https://t.co/IGdq4hInRz,1
And any fan of me wants Ye to be Ye even when they don't agree because I represent the fact that they can be themse… https://t.co/uxw3cXH2GU,1
"whenever someone mentions the word ""fan"" to me it's super manipulative. It's like ""don't do or say this because of… https://t.co/89qWyRvoGh",1
I want to see a tour with Nikki Minaj and Cardi B,1
I'd like to meet with Tim Cook. I got some ideas,1
I feel calm but energized https://t.co/kMmtoUU7Ty,1
need Hype Williams for Nas mov,1
https://t.co/DXh6H4qkKR,1
I'm sitting with Lucian discussing the future of the music industry. Lets bring in David Joseph and Frank Bridgman and Olivier Nuss,1
I'd like Scooter Braun to be a part of this new platform we're creating. Scooter is a genius. He's more than a man… https://t.co/9DYEiMwxcy,1
https://t.co/YyUw0mCKov,1
https://t.co/KzyHlDay,1
I'm so happy to hear that Peter Thiel would like to take a meeting. I feel very optimistic about the futu,1
my MAGA hat is signed 🔥🔥🔥🔥🔥🔥🔥🔥🔥🔥🔥🔥🔥🔥🔥🔥🔥🔥🔥🔥🔥🔥🔥🔥🔥🔥🔥🔥🔥🔥 https://t.co/DrDHJybS8V,1
we got love https://t.co/Edk0WGscp6,1
I need to meet with Larry from ,1
Google supports YEEZY in ending violence in Chicago to start with,1
we'd be a strategic investor. Not just a VC,1
I'm 40 years old and I'm just now becoming my parents child,1
I’m nice at ping pon,1
Kids See Ghost short film will be shot by Dexter Navy,1
my wife just called me and she wanted me to make this clear to everyone. I don't agree with everything Trump does.… https://t.co/CuUkTnXRYG,1
Yeezy VC invests in and develops food clothing shelter and communications,1
burn that excel spread sheet 🔥😂,1
decentraliz,1
fear takes strategy Unlearn linear thinking Hit you with these zig zag thoughts,1
no race religion region or political party can argue with the power of lov,1
When my daughter acts out she actually says afterwards I just want to hear you say I love you m,1
"I said express love more because we have love but we don't express it. My friend Tmills will always say ""I love yo… https://t.co/tgFiUU8ptA",1
with love I am invincible. Truth is subjective but love is the most powerful force in the world and the world needs to express more of ,1
with love I am invisible. Truth is subjective but love is the most powerful force in the world and the world needs to express more of ,1
And also I'm all the way out the sunken place. And I'm not scared anymore. I'm not scared of the media. I'm not sca… https://t.co/myRrSGkQL6,1
"I love when people have their own ideas. You don't have to be allowed anymore. Just be.
Love who you want to love… https://t.co/g8brHi6tkX",1
If your friend jumps off the bridge you don't have to do the same. Ye being Ye is a fight for you to be you. For pe… https://t.co/jEtRk4Z9sC,1
You don't have to agree with trump but the mob can't make me not love him. We are both dragon energy. He is my brot… https://t.co/jy5FzoNY,1
Free thinkers don't fear retaliation for your thoughts. The traditional thinkers are only using thoughts and words… https://t.co/ShRW1lE3sA,1
Rocky we gotta release our songs ASA,1
I'm turn the Grammys into the Yammys,1
Trav we gotta drop the track with me you and Uzi this week bro. Let's gooooooooooooooooooooooooo🔥🔥🔥🔥🔥🔥🔥🔥🔥🔥🔥🔥🔥🔥🔥🔥🔥🔥,1
I leave my emojis bart Simpson c,1
I'm used to the heat of independent thoughts,1
more tweets from the sunken place 😂 https://t.co/nJQdQ2aVKn,1
🔥 https://t.co/lT5VLNM0Kb,1
do this look like the sunken place 😂 https://t.co/ixzKnaaaSy,1
yes I said we. We the people like my brother Q Tip said on the final Tribe album that should have won the Grammy,1
when we become president we have to change the name of the plane from Air Force one to Yeezy force one ☝️,1
the Charlamagne interview just got an offer on 10 million. Yo @cthagod should we hold off for a hundred million???… https://t.co/i7XnvJezjB,1
adidas have been great partners and they've let Yeezy be Yeezy. This could've never happened at Nik,1
the Yeezy 700 is adidas most requested sh,1
the desert rat 500 sold 250 thousand in one hour on Coachella weekend. Please do not try to play Yeezy or anyone w… https://t.co/KP5FhwrMZh,1
the Yeezy 350s sell 400 thousand pair in four hours. Only thing close to this is the iPhon,1
North found a lady bug 🐜 🐛 🕷 😊🔥🔥🔥🔥🔥🔥🔥🔥🔥🔥🔥🔥🔥🔥🔥🔥🔥🔥🔥🔥🔥🔥🔥🔥🔥🔥🔥🔥🔥🔥🔥🔥 https://t.co/eZxxEucAL,1
let’s be like water 😂,1
oh and Ebro I love you. Ima let you finish but the Charlamagne interview is one of the best interviews of all time. 😂,1
now can I get back to my positive vibes 😂😂😂😂😂😂😂😂😂😂😂😂😂😂😂😂😂😂😂😂😂😂😂😂😂😂😂😂😂😂😂😂🔥🔥🔥🔥🔥🔥🔥🔥🔥🔥🔥🔥🔥🔥🔥🔥🔥🔥🔥🔥🔥🔥🔥🔥🔥🔥🔥🔥🔥,1
People magazine. Watch how you speak my name. You would love a pair of Yeezys. Don't play yourself,1
Harvey Levin of TMZ your hearing from your future president. Let's be friends. Please never use the word erratic to… https://t.co/BV82UVOSPL,1
I follow the shade room. Please never try to play Y,1
I am this generations Ford Hughes Jobs Disney,1
We will reach the prices I've promised,1
there's been a lot of fake news so I just wanted to give you the facts. Yeezy will become the biggest apparel compa… https://t.co/EQEGi2DSGy,1
I am currently the single highest paid person in footwear. That means I make more money on shoes than Michael Jordan,1
We have 160 positions to fill by the end of the year. Yeezy will hit a billion dollars this year. It is the 2nd fas… https://t.co/WM6hGLBNKG,1
yes I got rid of my last lawyer why? Because he wouldn't come to work full time. I also asked my last manager to co… https://t.co/cf3z7aEmXa,1
"I'm nobody's ""client""",1
I no longer have a manager. I can't be managed,1
https://t.co/PDW3X9TeMG,1
spread lov,1
2024,1
never a master. Always a studen,1
to be great is to be misunderstood,1
and we danced to music Michael all morning https://t.co/cLGK1lIOp8,1
me and Mike 😂 https://t.co/E79Uja1sBs,1
"dragon 🐉 energy
Natural born leaders
Very instinctive
Great foresigh",1
you can say anything as long as you put the right emoji next to ,1
If your foresight is incredible Stay stubborn to your vision,1
I’ve always had a desire to do things people wouldn’t even think to d,1
everyone should be their own biggest fan,1
even Prince once had an access pass,1
Prince opened up for Rick James. everybody starts some where https://t.co/7Gx5H23vgO,1
life is more exciting than the movies,1
Donald Glover is a free think,1
I feel like im 18 year old again when I make beats for Nas,1
new ideas will no longer be condemned by the masses. We are on the frontier of massive change. Starting from breaki… https://t.co/5GKQ5T7JPn,1
🙌🙌🙌 https://t.co/m5JGp9zKyM,1
https://t.co/VobrHnXk2A,1
https://t.co/bgUbqzUn9Y,1
https://t.co/ZAWui0eXDI,1
https://t.co/0u9NnvAQ17,1
https://t.co/IMuol6PDvm,1
https://t.co/tRDqm5hUdv,1
https://t.co/LIJfNwSn,1
https://t.co/mxlrb7rBF,1
we're evolving at warp speed,1
This is the funnest car I’ve ever driven,1
I'm super chaaaaaarged. Bout to take this whole thing to mars,1
I heard these are really good for the environment 🙏,1
I really love my Tesla. I'm in the future. Thank you Elon,1
Nas June 15th,1
I'm hand producing all the albums I tweeted about. Been chopping samples from the sunken place 😂Pusha May 25th My a… https://t.co/Ix37c3LVYW,1
practice pure lov,1
It’s no more baring people because they have different ideas,1
https://t.co/ITBf2h71Z3,1
https://t.co/fD0Ou0T5C9,1
Joseph Beuys https://t.co/PC1BdcYwh8,1
I feel calm but energized https://t.co/O8mufnKQB,1
self victimization is a diseas,1
there was a time when slavery was the trend and apparently that time is still upon us. But now it's a mentality,1
I feel calm but energized,1
People respect people for following the general trend and consensus,1
We live in a time where people don’t respect people for being themselves,1
Constantly bringing up the past keeps you stuck th,1
The thought police want to suppress freedom of though,1
we have freedom of speech but not freedom of though,1
People demonize people and then they demonize anybody who sees anything positive in someone whose been demonized,1
The psychological zombie effec,1
Demonization has metastasized,1
David Hammons Higher Goals. https://t.co/1V7Tb3LuWm,1
https://t.co/LAsw1qqfk5,1
our collective consciousness https://t.co/po21rGLe9,1
the blinders are off,1
free Yeezy promotion 🤷‍♂️🙈😂😂😂😂 https://t.co/uKPW03NbdX,1
question everythin,1
George Condo Saint Pablo Tee https://t.co/iwCBjKLJL,1
The more people contribute to real time global consciousness the faster we evolv,1
get past the pas,1
be fearless. Express what you feel not what you've been programmed to think,1
live in love not in fea,1
https://t.co/rtUaPlWqgK,1
Murakami vibes https://t.co/T0H74MSyB7,1
I don't subscribe the term and concept of God fearing. That's a dated mentality that was used to control people. W… https://t.co/JLe987Uc1k,1
only free thinkers,1
I love the way Candace Owens thinks,1
the world is our offic,1
Yeezy is based in Calabasas but will also be setting up offices in New York London and Wyomin,1
style is genderless,1
strive for universal consciousness not segregated consciousness,1
everything is so planned these days. People appreciate spontaneity and honesty,1
iterations of ideas are how culture evolves,1
sharing is community holding information is capitalism,1
images are limitless and words aren't. Words are defined,1
I don’t believe in horizontal hierarchy. If you build a ladder too high it’s actually most dangerous for the people at the top,1
all you have to be is yourself,1
wtf☠️ https://t.co/UailY6uZmO,1
track pant boots 🤷‍♂️☠️☠️☠️☠️☠️☠️☠️☠️☠️ https://t.co/oXl71gn3L9,1
Grocery story drip   Erewhon drip laundry day drip airport drip 🙈😭🔥🔥🔥🔥🔥🔥🔥🔥🔥🔥😱 https://t.co/IWkJ4kdZOB,1
rough draft https://t.co/cpY3ohu7wn,1
Columbia references 🔥🔥🔥🔥🔥🔥🔥🔥🔥🔥🔥🔥🔥🔥🔥🙈🤷‍♂️🔥🔥🔥🔥🔥🔥🔥🔥🔥☠️ https://t.co/IdbPsa7ziv,1
I need a water proof silk nylon as soon as possib,1
people are celebrating real ideas and vibe. Not just hyp,1
we need to Aman Giri the world,1
🙈🙈🙈🔥🔥🔥🔥🔥🔥🔥🔥🔥🔥🔥🔥☠️☠️☠️ https://t.co/JvPQbhCVd3,1
Yeezy 451 early prototype https://t.co/ojm0blPyyv,1
the beauty is in the imperfection(s),1
🏀🙈🙈🙈🔥🔥🔥🔥🔥🔥🔥🔥🔥🔥🔥🔥🔥🔥🔥🔥🔥🔥🔥🔥🔥🔥🔥🔥🔥🔥 https://t.co/Av6YCKxMV,1
Yeezy slides https://t.co/PZ5HcqX8,1
🙈🙈🙈🔥🔥🔥🔥🔥🔥🔥🔥🔥🔥🔥🔥🔥 https://t.co/E7Kse1UH2B,1
transparent https://t.co/NZlJgaLDMD,1
Pull up in this bitch like https://t.co/0dgj9f5a,1
Pusha T May 25th,1
Teyana Taylor June 22nd,1
it's called Kids See Ghost. That's the name of our group,1
me and Cudi album June 8th,1
June 1s,1
my album is 7 songs,1
it's not where you take things from. It's where you take them ,1
https://t.co/u9i5vxVo7,1
we're all servants,1
today will be the greatest day so far. Life keeps getting better and b,1
if you wanna see the true character of person watch the way they treat someone who can't do anything for them,1
truth is my goal. Controversy is my gym. I'll do a hundred reps of controversy for a 6 pack of truth,1
don't trade your authenticity for approva,1
https://t.co/us1NHR9r96,1
let's be less concerned with ownership of ideas. It is important that ideas see the light of day even if you don't… https://t.co/Dj2iqElo8O,1
"I find myself getting stuck in the idea of originality and letting my ego push me to say things like ""this person s… https://t.co/uxO7nLJnzn",1
Cars have four wheels. Hoodies have hoods. It's amusing to me when some one says this is an original hoodie. Bro... it's a hoodie 🤷‍♂️,1
too much emphasis is put on originality. Feel free to take ideas and update them at your will all great artist take and upda,1
There's love stories. Pain happiness. It's 3 dementional. There's taste touch sound. It's the most entertaining fo… https://t.co/KmVz4qGO1h,1
Be here now. Be in the moment. The now is the greatest moment of our lives and it just keeps getting better. The ba… https://t.co/hjW0wl1JLU,1
There's love stories. Pain happiness. It's 3 dementional. There's taste touch sound. It's the most entertaining for of entertainment. Just being. We believe time is a man made construct. Actually time and money are both man made currency. Because you can spend them both,1
me and my friend Anthony Schiller always ask questions about time. Is time linear? I recently did an interview wher… https://t.co/H3bzYZIPQ,1
"I will work on this ""book"" when I feel it. When We sit still in the mornings We get hit with so many ideas and so m… https://t.co/SB0cuEwTm5",1
oh by the way this is my book that I'm writing in real time. No publisher or publicist will tell me what to put whe… https://t.co/5ZozwEfqv3,1
everyone will say he needs to learn how to act. At home parental acting classes are one of the first steps to us lo… https://t.co/WUqu4QHsbO,1
"in life, we are all trained actors. When we're born we're ourselves and then one of the first things we're thought… https://t.co/b0b5NgrGx",1
just stop lying about shit. Just stop lyin,1
You will be a drop of water with the ocean as your army. If you move out of fear than your on your own. Then it's j… https://t.co/2nPREd4e5M,1
I don't believe in the concept of an enemy. We have been conditioned to always be in competition. Stop looking for… https://t.co/rsJxZGEMfQ,1
Don't follow crowds. Follow the innate feelings inside of you. Do what you feel not what you think. Thoughts have b… https://t.co/pLnhteIyG,1
You will be a drop of water with the ocean as your army. If you move out of fear than your on your own. Then it's just you and the money and the countless people you have to lie to and manipulate to build a man made path that will never lead to true happiness,1
I don't believe in the concept of an enemy. We have been conditioned to always be in competition. Stop looking for something to beat and just be. You don't have to do all the work. Once you start moving in love the universe will assist you,1
You have the best ideas. Other people's opinions are usually more distractive than informative. Follow your own vi… https://t.co/wgQ0ElzjBm,1
when you first wake up don't hop right on the phone or the internet or even speak to anyone for even up to an hour… https://t.co/7ZRIe8oL5f,1
trend is always la,1
been reworking the production shape on these #RATBOOTS 🐀🐀🐀for 6 months. I'm super happy with them. I'm excited ab… https://t.co/wFIz2bLBRA,1
be transparent as possible. Stop setting plays. Stop playing chess with life. Make decisions based on love not fea,1
Fear often causes people to be manipulativ,1
everything you do in life stems from either fear or lov,1
Sometimes you have to get rid of everythin,1
distraction is the enemy of vision,1
try to avoid any contractual situation where you are held back from your ideas,1
You have to protect your ability to create at all cos,1
As a creative your ideas are your strongest form of currency,1
https://t.co/a8fkLtTuXD,1
still working to get these right https://t.co/sgJgAbJa3W,1
also this… https://t.co/uAzWmKuad4,1
I asked my friend to design this neck tat for me https://t.co/io0HUEDuW,1
early 350 photoshop I showed Louise Wilson these the last night I saw her https://t.co/gjOT1wbgPK,1
often people working with the existing consciousness are jealous of those who are more in touch and they become har… https://t.co/vll90kKHE2,1
Some people have to work within the existing consciousness while some people can shift the consciousness,1
"my favorite moment of walking into MSG to play Saint Pablo, I used to go to the hospital and play Lamar the album w… https://t.co/G7lWlwvF0K",1
caption this https://t.co/9BrCCrftzE,1
My boy Ninja crazy 🤣😭🤦‍♂️ https://t.co/EpugxAZoDV,1
My favorite Saint Pablo Tee https://t.co/9Zt7vkqXI,1
RT @jack: Welcome back @kanyewest! https://t.co/TJPcPiCEJv,1
https://t.co/5DG4yQMONm https://t.co/XzvdDn,1
Culture https://t.co/xIjWshmxZG,1
Happy Holidays https://t.co/fxLFQQWJG7,1
Happy Holidays https://t.co/4CN4TnFQKN,1
Happy Holidays https://t.co/HjoaFFzQjO,1
Franca Sozzani was always so nice and sincere. You will be deeply missed. https://t.co/B2Y7OM1uEy,1
Super inspiring https://t.co/IvS208fgTd https://t.co/oN7qJrmYPX,1
https://t.co/tNMBk0sZJ,1
#2024,1
I feel it is important to have a direct line of communication with our future President if we truly want chan,1
"These issues included bullying, supporting teachers, modernizing curriculums, and violence in Chica",1
I wanted to meet with Trump today to discuss multicultural issues,1
Happy Birthday babe https://t.co/Ee38e4LVFj,1
I got rid of my phone so I can have air to crea,1
FADE https://t.co/lpnH9yWhwz,1
"With love and respect, Kanye Wes",1
Thank you for embarking on this creative journey,1
"Each and every one’s time, insight and feelings are invaluable to us. We want to make people feel grea",1
It’s our life's mission to create the most transformative experiences,1
https://t.co/3a2t2t2dG,1
"SEASON 4
09/07/16 3PM
https://t.co/CN1dSvSbgZ",1
vibes https://t.co/Umi0Oh,1
mood https://t.co/ojd89snKt5,1
https://t.co/o8sB124An3,1
I'm so proud of my brother https://t.co/TnI5ElpxSH,1
McDonalds is my favorite brand,1
unity love https://t.co/TunqfPuWfY,1
#FADE - watch now exclusively on TIDAL - https://t.co/eX72WkqDF,1
SAINT PABLO starting in 4 hrs https://t.co/UAUEhEg6CK,1
Power to the people. Power to the artist. Empower the artist and create a more inspired world,1
Ask yourself Why did you love music in the first place and what can you do to add to the story,1
Me and Drake both listen to Frank. Radio has to support amazing artists,1
Every station across the globe. I Heart. Clear Channel local stations. Satellite. Every station. This will make the world b,1
If anyone at radio really loves music ... Come together and pick your favorite Frank Ocean song and play it at least 10 times a day,1
class of 95 https://t.co/CPT4L36Bmx,1
GLOW https://t.co/I7oiRTEIzS,1
...Frank album on repeat👌,1
MELBOURNE https://t.co/1zAS1vVkj2,1
SYDNEY https://t.co/FdVxbzZS25,1
CAPE TOWN https://t.co/BYyVSLSzoC,1
SINGAPORE https://t.co/PBz5svrti8,1
AMSTERDAM https://t.co/hLuXn0DoOC,1
BERLIN https://t.co/S0Pba5aySH,1
LONDON https://t.co/AsR24Do2NX,1
TORONTO https://t.co/kQv6d7qAbJ,1
BOSTON https://t.co/9oL2zvtjHy,1
SAN FRANCISCO https://t.co/0FWVpqIdJc,1
PHILADELPHIA https://t.co/zcAdpunbN8,1
PORTLAND https://t.co/OfKkQSe6h9,1
DALLAS https://t.co/ReNQMHJOIZ,1
MIAMI https://t.co/d7g7VujOCd,1
DETROIT https://t.co/X8UnOfbKdR,1
NEW YORK https://t.co/3Ij8VF0pAH,1
HOUSTON https://t.co/1TYAcJ6fbR,1
LOS ANGELES https://t.co/fjvepL8VCa,1
LAS VEGAS https://t.co/m67IPL9zkE,1
ATLANTA https://t.co/IUNAd2Itp6,1
CHICAGO https://t.co/RWfkojTbFf,1
"21 PABLO STORES WORLDWIDE THIS WEEKEND LOCATIONS HERE
https://t.co/tYuzqs7kJW",1
So Proud https://t.co/pCJCvph2X,1
Herzog on Famous https://t.co/mFd0lfJDo0,1
NEW MENS MILITARY BOOT https://t.co/ZgwsiV4eIh,1
First music video that is also an ad campaign directed by Steven Klein for @BALMAIN https://t.co/VJwvkKEx1,1
I forgot to add Daniel Ek,1
Apple give Jay his check for Tidal now and stop trying to act like you Stev,1
Fuck all this dick swinging contest. We all gon be dead in 100 Years. Let the kids have the music,1
I need Tim Cook Jay Z Dez Jimmy Larry me and Drake Scooter on the phone or in a room this week!!!,1
This Tidal Apple beef is fucking up the music gam,1
ASK SOMEBODY https://t.co/y4BjwvEUgD,1
EVERYBODY LOOKING https://t.co/qbPFjPm7c,1
https://t.co/rUzbVLuBH5,1
I'm so happy for @tmillsfashion with the launch of his new site https://t.co/HZ7KgbESG,1
My favorite song this year https://t.co/R8xWKjTcEG,1
"NORI ASKED IF THE AIRPLANE COULD TAKE HER TO HEAVEN TO SEE YOU FOR YOUR BIRTHDAY, I LOVE YOU MOM https://t.co/4W9htygzX",1
I am very proud of my wife for her Forbes cover story. https://t.co/4eSWq6oQGZ,1
Alton Sterling https://t.co/60yQnwT2T4,1
First burger of the day goes to Ye https://t.co/zo8USLYSbO,1
Jay hype https://t.co/keMAUx8ur9,1
ROSWELL ROAD NW AND E ANDREWS DRIVE NW @ 1:30AM,1
PIEDMONT ROAD NE AND LINDBERGH WAY NE @ 11:30PM MORELAND AVENUE NE AND EUCLID AVENUE NE @ 12:30AM,1
RESCHEDULING ATLANTA FAMOUS VIEWINGS FOR TONIGHT STARTING AT PEACHTREE STREET AND 11TH STREET NE @ 10:30PM,1
BROADWAY AND 4TH AVENUE SOUTH @ 12:00AM MAIN STREET AND N 7TH STREET @ 1:00AM,1
FAMOUS VIEWINGS IN NASHVILLE TONIGHT STARTING AT BROADWAY AND 2ND AVENUE SOUTH @ 11:00PM,1
NORTH HASKELL AVENUE AND GASTON AVENUE @ 12:30AM,1
HYATT REGENCY HOTEL DRIVE AND REUNION BLVD EAST @ 10:30PM KEATING DRIVE AND COTTON BOWL CIRCLE @ 11:30PM,1
FAMOUS VIEWINGS IN DALLAS TONIGHT STARTING AT N HOUSTON STREET AND ELM STREET @ 9:30PM,1
INDEPENDENCE AVENUE SE BETWEEN 1ST STREET SE AND 2ND STREET SE @ 1:30AM,1
MACOMB STREET NW AND WISCONSIN AVENUE @ 10:30PM FLORIDA AVENUE NW AND W STREET NW @ 11:30PM 22ND STREET NW and G STREET NW @ 12:30AM,1
FAMOUS VIEWINGS IN WASHINGTON DC TONIGHT STARTING AT U STREET NW BETWEEN 10TH STREET NW AND VERMONT AVENUE NW @ 9:30PM,1
COVENT GARDEN PLAZA AND RUSSELL STREET @ 11:30PM NEWPORT PLACE AND GERRARD PLACE @ 12:15AM,1
FAMOUS VIEWINGS IN LONDON TONIGHT STARTING AT BETHNAL GREEN ROAD AND BRAITHWAITE STREET @ 10:30PM,1
THAT PART https://t.co/mz1OdViuqs,1
E 15TH STREET AND BRAZOS STREET @ 12:00AM COLORADO STREET AND W MARTIN LUTHER KING JR BLVD @ 1:00AM,1
FAMOUS VIEWINGS IN AUSTIN TONIGHT STARTING AT BRAZOS STREET AND E 7TH STREET @ 10:00PM RIVER RED STREET AND E 5TH STREET @ 11:00PM,1
EUTAW STREET AND W CAMDEN STREET @ 11:30PM W LOMBARD STREET AND S HOWARD STREET @ 12:30AM WATER STREET AND S CALVERT @ 1:30AM,1
FAMOUS VIEWINGS IN BALTIMORE TONIGHT STARTING AT N CHARLES STREET AND W CENTRE STREET @ 9:30PM ART MUSEUM DRIVE @ 10:30PM,1
ROOF OF THE PARRISH ART MUSEUM IN WATER MILL @ 12:30AM,1
NEWTOWN LANE AND OSBORNE LANE @ 10:30PM MONTAUK HIGHWAY IN WATER MILL BETWEEN HALSEY LANE AND PROPRIETORS ROAD @ 11:30PM,1
FAMOUS VIEWINGS IN THE HAMPTONS TONIGHT STARTING AT FORT POND ROAD AND THE LONG ISLAND RAILROAD @ 9:30PM,1
ROSWELL ROAD AND POWERS FERRY ROAD @ 1:30AM,1
PIEDMONT ROAD NE AND LINDBERGH DRIVE NE @ 12:00AM MCLENDON AVENUE NE AND MORELAND AVENUE NE @ 12:40AM,1
FAMOUS VIEWINGS IN ATLANTA TONIGHT STARTING AT WESTVIEW DRIVE SW AND LEE STREET SW @ 10:30PM PEACHTREE STREET AND 11TH STREET NE @ 11:15PM,1
MONROE AVENUE AND ST ANTOINE STREET @ 11:00PM WOODWARD AVENUE AND WATSON STREET @ 11:45PM ALFRED STREET AND RIOPELLE STREET @ 12:30AM,1
FAMOUS VIEWINGS IN DETROIT TONIGHT STARTING AT E JEFFERSON AND BEAUBIEN @ 9:30PM MAPLE LANE AND BURBANK LANE @ 10:15PM,1
SCHLESISCHE STR AND OBERBAUMBRUCKE @ 2:30AM HECKMANNUFER AND SCHLESISCHE STR @ 3:00AM BERGHAIN AND AM WRIEZENER BAHNHOF @ 4:00AM,1
FAMOUS VIEWINGS IN BERLIN TONIGHT STARTING AT ROSENTHALER STR AND TOR STR @ 12:00AM MUEHLEN STR AND OBERBAUMBRUCKE @ 1:00AM,1
FAMOUS VIEWINGS IN OAKLAND TONIGHT STARTING @ 9:30PM BROADWAY AND W GRAND AVENUE 21ST STREET AND KAISER PLAZA,1
FLORIDA AND DIVISION STREET 3RD STREET AND HOWARD STREE,1
FAMOUS VIEWINGS IN SAN FRANCISCO TONIGHT STARTING @ 9:30PM HAGIWARA TEA GARDEN DRIVE AND JOHN F KENNEDY DRIVE,1
BALLARD AVENUE NW AND NW IONE PLACE PHINNEY AVENUE N AND N 35TH STREE,1
FAMOUS VIEWINGS IN SEATTLE STARTING @ 9:30PM 1st AVENUE SOUTH AND S MAIN STREET E PIKE STREET AND 10TH AVENUE,1
BAGBY AND FRANKLIN SOUTH MAIN STREET AND PRESTON RICHMOND AVENUE AND UNITY,1
FAMOUS VIEWINGS IN HOUSTON STARTING @ 9:30PM TEXAS AVENUE AND JACKSON STREET SOUTH MAIN STREET AND FONDREN,1
FRANKFORD AND EAST ALLEN STREE,1
FAMOUS VIEWINGS IN PHILADELPHIA STARTING @ 10:00PM SOUTH STREET AND 5TH STREET FRANKFORD AND EAST GIRARD AVENUE,1
NW 2ND AVENUE AND NW 24TH STREET COLLINS AND 2ND STREET NE 11TH STREET AND N MIAMI AVENUE,1
FAMOUS VIEWINGS IN MIAMI TONIGHT STARTING @ 10:00PM NW 26TH STREET AND NW 2ND AVENUE,1
MASSACHUSETTS AVENUE AND ALBANY STREET MEEHAN AND WILLIAMS STREET TREMONT AND WEST STREE,1
FAMOUS VIEWINGS IN BOSTON TONIGHT STARTING @ 9:30PM IPSWICH AND VAN NESS STREET HUNTINGTON AND LONGWOOD AVENUE,1
EAST GRAND AVENUE AND NORTH STREETER DRIVE NORTH CLARK STREET AND WEST ADDISON STREET NORTH MILWAUKEE AVENUE AND WEST DIVISION STREE,1
FAMOUS VIEWINGS IN CHICAGO TONIGHT STARTING @ 9:30PM SOUTH MICHIGAN AVENUE AND EAST MONROE STREET NORTH MICHIGAN AND EAST LAKE STREE,1
PLACE DE LA FONTAINE STRAVINSKY QUAI DE VALMY RUE D’ULM - PLACE DU PANTHEON,1
FAMOUS VIEWING IN PARIS TONIGHT @ PLACE DU TROCADERO ET DU 11 NOVEMBRE,1
This was playing when I got in the car🙏🙏🙏 https://t.co/iZWwIpfG9J,1
Beautiful Morning @adidas https://t.co/y2bRnjJY94,1
S 2ND & WYTHE INGRAHAM & BOGAR,1
FAMOUS VIEWINGS IN NYC TONIGHT LITTLE W 12TH & 10TH AVENUE WATTS & THOMPSON EAST HOUSTON & LAFAYETTE AVENUE C & 6TH STREE,1
Famous TV premiere tonight on E @ 7PM and 11PM,1
New Desiigner mixtape https://t.co/n3ViemcQWF,1
https://t.co/zmSOWLMvqV,1
Famous viewing @ Figueroa and 12th in downtown LA 11:10PM,1
VOGUE PARTY LONG SLEEVE T SHIRT https://t.co/xYu7lH1rZ7,1
Famous https://t.co/ZLJDmiooMs,1
Sooooo good! @therealkidult https://t.co/TmPvfb5Odq,1
"Second Famous screening just added
https://t.co/chckJNGmTk",1
Tonight at the Forum the doors open at 6 and the visual plays at 7pm sharp,1
Thank God for the support of my wife and real friends,1
I feel so blessed thank God for every up and every down. Making final tweaks to the edit. Feeling very inspired,1
PABLO TEMPORARY STORE JUNE 24-25 11AM-8PM AT 40 RUE DE RICHELIEU IN PARIS,1
Famous https://t.co/IVS82MaUwa,1
Wifey made the best Father's Day meal ever. So thankful so happy so blessed. Thank you for making my family,1
Champions https://t.co/J4xBZRbhWO,1
TOUR https://t.co/1xvft3iIuj,1
750 BOOST GREY WITH GUM SOLE SOLD OUT IN 1 MINUTE,1
750 BOOST GREY WITH GUM SOLE https://t.co/ZgwsiV4eIh,1
I love this video. Very creative. https://t.co/QUFTUssBOp,1
Zine and Shoes from SEASON 2 https://t.co/ZgwsiUMDjH,1
Show at 2am SOLD OU,1
Tune into Big Boy's 92.3 I'm about to play the first single from Cruel Win,1
ORIGINAL DONDA / CALI DEWITT CREWNECK SWEATSHIRT https://t.co/1xvft3iIuj,1
NO MORE PARTIES IN LA https://t.co/WZnV0lMoXM,1
PABLO TEMPORARY STORE MAY 21-22 11AM-8PM AT 441 N FAIRFAX IN LA,1
I love you Ellen https://t.co/B7Ulmf8E01,1
Chance too good. God level bars,1
PANDA PANDA PANDA https://t.co/LsVxzvh0mY,1
My brother Chance!!! Thank you for letting me work on this masterpiece. One of my favorite people. https://t.co/V0ja6oDDoF,1
.@ScHoolBoyQ GET TOP DAWG ON THE PHONE !,1
Thank you for watching over our family. Nori and Kim say happy Mother's Day... And Saint smiled,1
Found this in Mom's storage. I love and miss you. https://t.co/5EYVY5HGLj,1
So happy to do a video with my brothers. Rap can be fun. We had a great time. Respect. https://t.co/9SaQbZuOkn,1
We just had fun with the “future” theme !!!   It was a fun night all together ,1
also to Kim’s hair and makeup Lorraine jewelry and the whole style squad at Balmain and the Yeezy team,1
and thank you for turning my personal jean jacket into a couture piec,1
thank you Olivier for making 4 dresses for Kim to choose from which we chopped 2 in half,1
Thank you Anna for the invite thank you to the whole Vogue team,1
I’m really excited to get our first best dressed at the met … This Gala is like the Grammys of style! https://t.co/POCtXJUGzN,1
https://t.co/Gk6fzhiZOk,1
I'm so proud of @LifeOfDesiigner #1 song in the country. Panda!!! Good music 2016!!!,1
I FEEL LIKE KOBE   https://t.co/WZnV0lMoXM,1
Wes https://t.co/utUdOu,1
https://t.co/fr6uKie04v,1
At the God's last game https://t.co/eucluEFOFX,1
I love this new A$AP FERG album!!!,1
I also wanted to point out that it’s the first album to go number 1 off of streaming!!!,1
I’m so happy that you guys like the music… I’m working on the tour designs now…,1
Thank you to everybody who made The Life of Pablo the number 1 album in the world!!!,1
Tribe changed music forev,1
His mother’s poem at the celebration brought me to tears,1
All respect prayers and love to Phife’s family Thank you for so much inspiration,1
"hey guys, do you like the fixed version of Wolves better?",1
https://t.co/KPOw5uHa5,1
Royère doesn't make a Polar bear bed but the Polar bear couch is my favorite piece of furniture we own https://t.co/tSJgikAUm,1
and also my number one design rule of anything I do from shoes to music to homes is that Kim has to like ,1
plus when you sit on the platform your calf is sort of half on half off,1
I love Rick Owens’ bed design but the back is too high for the beams and angle of the ceilin,1
I've been trying to figure out the bed design for the master bedroom at our Hidden Hills compound... https://t.co/aEPqoBGY4b,1
The Life of Pablo is now available for purchase https://t.co/xYu7lGJR7z https://t.co/mNTAUiie2V,1
https://t.co/pRxeehJpmL,1
And I love you like Kanye loves Kany,1
We still love Kany,1
That’s all it was Kany,1
Man that'd be so Kany,1
Called I Miss the Old Kany,1
What if Kanye made a song about Kany,1
I even had the pink polo I thought I was Kany,1
I used to love Kany,1
I used to love Kany,1
And now I look and look around and there’s so many Kanyes,1
It wasn’t any Kanyes,1
See I invented Kany,1
I gotta say at that time I’d like to meet Kany,1
Chop up the beats Kany,1
I miss the sweet Kany,1
Spaz in the news Kany,1
The always rude Kany,1
The bad mood Kany,1
I hate the new Kany,1
Set on his goals Kany,1
Chop up the soul Kany,1
Straight from the Go Kany,1
I miss the old Kany,1
daytime https://t.co/pbwx4ehCiU,1
you have to know who you are before you can become ,1
feels good to be home https://t.co/geVZcKV4gL,1
Pablo did 250 Million... This is not regular! https://t.co/EbXEgUdM1M,1
"Ultralight Prayer: https://t.co/CiopQ9BbGl
Happy Easter!",1
Young Thug is super inspiring to me. Amazing artist!!! https://t.co/tMh438xqJ8,1
I used an exclamation just to be an asshole and also to make a point! LOL,1
And I used a period because contrary to popular belief I strongly dislike exclamation points!,1
"On another note, I strongly dislike suit jackets. I used the word dislike because I hate the word ha",1
I love you,1
I have so much love in my heart and we just need the shot to create live breath,1
I love you guys,1
Everyone has made mistakes. I just make them in public,1
Don't hide from the truth because it is the only ligh,1
Don't be mad at the truth. When you don't like me you are merely shooting the messen,1
Don't be scared of the truth because we need to restart the human foundation in truth,1
They think we're stupid. They do not know how to communica,1
When companies doubt me they doubt us,1
That dreams will actualize. Dreams will manifes,1
I have a dream,1
Eventually the guys with real ideas not running a scam on the world will overcom,1
They can't kill us a,1
I speak yell scream directly at the old guard on behalf of the futu,1
The Pablo pop up was almost a pop up of influenc,1
We are here to make life b,1
And I promise the power is in the people and I will use the power given by the people to bring everything I have back to the peop,1
I speak truth to power!!!,1
I represent the dreamers,1
in the past the press/old guard and powers that be would have silenced me a long time ago but I have a form of social immunity,1
thank God for paps thank God for social media,1
We will find freedom in truth as opposed to ridicu,1
We no longer have to be scared of the truth,1
We will breathe clean air and exercise the first amendmen,1
We will not get bullied by perception any longer. We will give our opinions,1
We will change that. We will rise. We will have a voic,1
In Roman times the artist would contemplate proportions and colors. Now there is only one important color... Green,1
Let's fight for our future. We can change everythin,1
I stand with the utmost humility. We are so blessed!!! All praises and blessings to the families of people who never gave up on dreams,1
I promise I will never let the people down. I want a better life for all!!! Pablo Pablo Pablo Pablo!,1
This is the people the culture the dreams the futu,1
but there is no other brand that could sell 1 million dollars of clothing in 2 days from 1 location!!!,1
they called me crazy and pointed fingers,1
Pablo in blood,1
every red print is our blood our debt our shame our struggle our pain our heart ach,1
Pablo in blood,1
https://t.co/hBD6EwrYNu,1
PABLO POP-UP SHOP MARCH 18-20 FRI 4-8 PM SAT SUN 12-8 PM AT 83 WOOSTER IN NYC https://t.co/j1t9Ng5JkO,1
Fixing Wolves 2day... Worked on it for 3 weeks. Life Of Pablo is a living breathing changing creative expression. #contemporarya,1
Utah has eliminated homelessness by 91%,1
Non artist trying to grab the paint brush,1
My tweets are a form of contemporary art only compromised by people trying to tell me what to tweet and not to ,1
no one can ask me or try to tell me what to Instagram... It's my a,1
on another note... I was thinking about getting an Instagram but only on one condition,1
%1000 Steve Ballmer. Let's meet this week if you have time. I was hanging with Chris Paul last nigh,1
Steve Ballmer can I please redesign the Clippers masc,1
I believe in us,1
I think human beings can create a Utopia,1
I care about quality,1
I care about truth,1
I care about our futu,1
I care about peop,1
everyone can say anything they want about me but they could never say that I didn't ca,1
I have discovered my single greatest quality. I ca,1
What do you mean by @JustinBieber was my favorite song of 2015,1
mood https://t.co/msQNDIoHgA,1
No more fashion calendar... I'm going Mad Max... 6 collections a year...3 albums a yea,1
https://t.co/PysZQ6d2gD,1
and yes Run is on my all time top ten list!!!,1
"I feel like Rev Run, God MC tweeting positive energy while sitting in the bathroom!",1
Let's start the day off right!!! And y'all know what I'm bout to say now ...#allpositivevibes!!!!!!,1
My whole family loves you and your family and we appreciate the moment you helped realize on the Beams!!!,1
I love you. My dad loves you,1
Thank you Kirk for standing by me through all the nois,1
The choir arrangement that Kirk orchestrated is the most powerful thing I've heard in my earthly existenc,1
A lot of people tell me Ultralight Beam is my greatest artwork to date only rival being Jesus Walks,1
"Be strong today little bro! “Come to me, all of you who are tired and have heavy loads, and I will give you rest. MATTHEW 11:28”",1
I just received a blessing from minister Kirk Franklin,1
"Olivier designed clothes for my show… That was real, that was groundbreaking, that is a Real Friend",1
Be real…,1
Don’t try to use me for advertisement or to make your proposed trend relevan,1
If you wouldn’t invite me to your house then don’t invite me to your sh,1
Fake Fake Fake fake fake fake fake fake fake fake fake … just my analysis,1
So many people turned on her when she was fired and acted like they forgot the innovation and beauty that she brought to the world…,1
The fashion world is sooooooo fake and Carine is one of the very few real people in fashion…,1
I like T-shirts and women in yoga pants… I live in LA that’s what people wear… not sure why someone would put a suit jacket on with tha,1
All these journalists can give their opinions well these are mine…yes I believe in my ripped homeless sweaters!!!,1
Sorry I couldn’t be at Virgil’s show because I had a meeting in another city,1
this is my friend and we've bounced ideas and references for years since the time when he designed for YEEZY Season 1,1
"I thank Demna for using the ""I feel like Pablo"" sweatshirts in his show,",1
I thank Olivier for designing his collection around my wife… this is visionary as I believe that Kim is our modern day everythin,1
"Oh and I only came to Paris fashion to stand by my friends Olivier, Riccardo and Demna",1
Just cause somebody is wearing combat boots doesn’t mean it’s all of a sudden youth,1
I also hate all the stylists that copy Hedi Slimane and give their clients blatant YSL looks thinking that it will bring a younger clien,1
I feel we are so stuck in the past and tradition,1
I especially hate suit jackets on women… that was a groundbreaking idea 5 million years ago!,1
I don’t personally like suit jackets anym,1
excited to see my family and finish the final mixes of the Life of Pablo and keep working on Turbo Grafx 16 and Season 4 …,1
I’m on a plane coming back from Europe…,1
Get Top on the phoooone!!!!! @Kendricklama,1
we win,1
the pure of heart win…,1
the thinkers win…,1
the artists win,1
the future thinkers win…,1
Together we stand… we win…,1
Thank you to @asvpxrocky for supporting me at the MSG show…,1
"I guess in a media world where you never hear the truth, the truth can come off as crazy…",1
It’s been a lot of confusion in the past 3 weeks so let me apologize for in any way being confusing…,1
". @Adidas is making a million Yeezys this year, opening up new factories…",1
Feeling like Robin Hood…,1
what war? a class war… a war against time…,1
sometimes the quiet moments feel like I’m home from battle…,1
"can’t wait to get home to North, Saint and my wife…",1
Met with @Hermes_Paris family yesterday… been out here fighting for 13 years and it feels like we’re finally seeing wins…,1
Was speaking with @souljaian earlier about a new idea…,1
So proud of my brother @VirgilAbloh with his new @OffWht collection!!!,1
"bear with me guys, Rome wasn’t built in a day but I promise to keep my promises…",1
really happy to get the quality of the products better at half the prices of last year…,1
Sitting with @Robinnowicki from @ustwo working on the YEEZY site…,1
playing the new Kendrick… 1 thousand images on the desktop… Hennessy & what’s left of the ice and coke zero…,1
"Super inspired by my visit to Ikea today , really amazing company… my mind is racing with the possibilities…",1
Up late designing in Sweden…,1
please see these next tweets as such because the ideas will jump around a bit… a bit like a mood board,1
this is a stream of consciousness… twitter poetry…,1
"Thank you Carine for believing in the vision, You are a visionary https://t.co/f13xrRC5W9",1
muse https://t.co/JeXMTsZKmQ,1
###hashtag all positive vibes,1
please avoid trying to talk me out of being me in the futu,1
Growing and learning but not being told to stop ...not being stunted,1
I want people to be the best version of themselves and I will be the best version of m,1
question... Why do people not want me to be me?,1
"uuuuuuum, so there it is... No more CDs from m",1
the Yeezus album packaging was an open casket to CDs r.i.p,1
I was thinking about not making CDs ever again... Only streamin,1
Uuuuum... hi everybody!,1
Tyler killed this https://t.co/YVzyTXE1Bu,1
Love this video https://t.co/Ar8wrpQ95q,1
Playing the new Nigel Holt album in Paris … this is the perfect vibe right now! https://t.co/t047o2i0Vi https://t.co/qvojAjJNWM,1
"we need to bring Max B, Lord (Timothy Ballard) and Barkim back home @nas @FrenchMontana #Harlem #QB",1
I promised Obama Ima do beats on NAS’ next album…,1
I want to stream you performing in a Minnie Mouse head on @TIDALHiF,1
I’m very detailed oriented and I will know the difference so don’t try to just throw a bow on the original head…,1
I need you to perform at her party with specifically a minnie mouse dead-mow-five head… not a mickey mouse dead-mow-five head,1
can you please bring the minnie mouse head … not yours she specifically likes minnie mouse …,1
Do you do birthday parties?? My daughter loves Minnie mouse…,1
# I’m bored ### when you get married will your wife have a giant minnie mouse head? # This brightened up my day… thank you dead-mow-fiv,1
# hash tag you raised Tidal’s subscriptions by a whopping 🐭🐭🐭downloads,1
# ok another super serious question ... is there a portable fan situation?,1
# whose job is it to carry the head on the plane # hash tag # do you check the mickey mouse head or carry on # does it get hot?,1
# ok very serious question…,1
@Deadmau5 … is this person’s name pronounced dead-mow-five?,1
New project with 2 Chainz and Wayne dropping this Friday https://t.co/IZwN3mnkIS,1
Day 3 https://t.co/zPw0eFEFGF,1
Finally!!! Our guy!!! We're so so happy for Leo!!!,1
It is so inspiring.  Thank you for existing!,1
and also let’s shout out to the art direction … candy on the screens!,1
I just want to thank Will Ferrell for the years of joy he has brought into my life with amazing comedy,1
We all know Will Ferrell has always been the one!!!,1
that showed how sharp and Bruce Lee status he is,1
Perhaps it was seeing him play the same character from 15 years ago with 15 more years experienc,1
His existence is a blessin,1
Will Ferrell has reached walking living breathing god status!,1
I saw Zoolander 2 for the 2nd tim,1
"correction, the name of the Neo Geo game I was referring to was The Super Spy",1
We actually played Spy Hunter at my mom’s house!!!,1
My boy Mali that I spoke about on the song Drive Slow actually had a Neo Geo in real life bro…,1
Blazing Lazers was probably my favorite game on that console …,1
just on some super nerd vibes… one of my favorite gaming systems when I was a kid…,1
"My next album is titled   ""Turbo Grafx 16""   as of now…",1
This best explains my experience in fashion and with fashion people in general https://t.co/rY7o51TDss,1
number 1 streamed song this week https://t.co/wdsIr7NzhR,1
Kirk Franklin just sent me a blessing. I needed that. Thank you minis,1
There are some lame fake accounts trying to make Kanye-isms that are not Mark Twain lev,1
"Hi @Jack Dorsey, can you guys please take down all the fake Kanye accounts",1
I'm not a rapp,1
I just thought of the craziest idea of all ... I'm going to sell winter coats in the winter!!!,1
I'm going to steal Demna from Balenciaga,1
You won't always agree with me but I'm gon always be me. I'm woke!,1
The world needs a guy like me. The world needs somebody to not be scared and tell his truth,1
I love being a voice of freedom when so many people are scared to speak up,1
I represent what people can't say,1
New album coming this summ,1
I'm not even gon lie to you. I love me so much right n,1
And yes I've talked to Adidas and we gon hook y'all up with free Yeezys and Adidas. All positive vibes,1
That is one of the reasons I respect the paps so much,1
Respect to everyone working hard to keep a roof over their kids,1
What is your definition of true freedom? There is no true freedom without economic freedom,1
I just had to start with shoes so that I could be economically empowered enough to have a voic,1
You guys will see my heart. You guys will feel my heart. We will make a differenc,1
It's a beautiful time. I love my friends. I love my family. I love people. The human rac,1
Free from being held back by public opinion,1
I'm happy and free and proud and confident. I'm not crazy. I'm f,1
I'm proud as an entrepreneur that I gave everything I had to my dreams,1
I wrote Saint Pablo after admitting to my greatest shame my personal debt. But I'm not ashamed anym,1
No slave mindset no more. I'm free. I'm free. I'm f,1
I'm not crazy I'm f,1
People ask why I speak in a public forum... Well my voice is my power. Freedom of speech. Freedom of opinion. Freedom of dreams,1
We need to see Young Thug at the Grammys. Not just me and Jay in a su,1
First order of business. We the people need to see Future at the Grammys,1
and always remember that rock and roll was stolen and don't try to hide behind Jimmy Jam and Terry Lewis 😭😭😭 all positive vibes,1
Us real music guys wanna have fun ,1
Neil please reach out as soon as possible so we can make the Grammys culturally relevant again,1
All artists have a problem with it and I am going to fix it for us all starting right n,1
Has anyone at the Grammys ever heard March Madness??? Yes I have a problem with the Grammys,1
You like your black people a certain way also. You wouldn't have Future perform and that man owned the clubs last summ,1
You guys are supposed to be all about tas,1
Dexter didn't feel he even had a chance of winning and he was right!!!,1
Everybody with any form of taste knows that was the best video of the year!,1
I don't want to just fix the awards for me but I want to fix it for Dexter Navy who directed A$AP Rocky’s LSD vid,1
If I'm not at the show next year then there is no sh,1
Hi Grammys this is the most important living artist talkin,1
I feel the Grammy awarding system is way off and completely out of touch,1
I don't give opinions because they are commonly agreed upon. I say what I f,1
We need to fix this,1
I know so many cool artists whose hearts have been broken by the politics including min,1
I think the Grammys are super important!!!,1
I would like to sit down with Neil Portnow right n,1
I really didn’t mean to use the B word tonight … all positive vibes,1
God bless the fools … all positive vibes!,1
Ezrin I truly feel sorry for your friends and family that they have had to suffer an idiot like you for so many years…,1
Welcome to pop culture!!!,1
I made Dark Fantasy and Watch the Throne in one year and wasn’t nominated for either and you know who has 2 albums of the yea,1
Rock and Roll was stolen… Rap was exploited…,1
it’s guys like you that run companies and don’t invest in Ye even if I’m your kid’s idol!!!,1
Bob please never speak in public again… you are everything that is wrong with the old guard …,1
"Bro you said Macklemore was more important musically than me… no offense to Macklemore, he’s a nice human being!",1
I’m so sorry for them… I will send them free Yeezys to make up for the embarrassment that you have caused your family!,1
Your kids are ashamed of their dad… Sorry for speaking about kids… but could you imagine if you were Bob Ezrin’s kids…,1
Do something relevant… Please don’t speak on me bro ever again!!!,1
I’m tired of old people that have no connection with anything trying to comment on music!,1
What the fuck does he know about rap…,1
Has anybody ever heard of Bob Ezrin???,1
If you are an entrepreneur you may have debt and lawsuits #facts,1
new song with my brothers French Montana and Nas https://t.co/yFmyJW4zD6 https://t.co/BWHFcPfk,1
My Heart https://t.co/Yt11QcelpN,1
Loving this mood for SEASON 4 https://t.co/HIq32PbMoc,1
Feels good to be home https://t.co/rhKN9xaC1F,1
"Drake would come by and just help, no strings. Future also came by to write. We all got new shit together that's gonna drop soon",1
I wanna thank my brother Drizzy for helping me on 30 Hours & Father Stretch My Hands,1
Season 4 begins. Première Vision https://t.co/LAlvRnlUgG,1
My number one enemy has been my ego… there is only one throne and that’s God's …,1
In rap we have been developing a brotherhood…,1
There is so much positive energy right now … Let’s stay on this Ultra Light Beam…,1
A wise man should be humble enough to admit when he’s wrong and change his mind based on new information…,1
Some rappers got the club … Some got the radio… some got the conscience…some got the streets… Everybody has something they do the best…,1
every rapper is somebody’s favorite…,1
that statement has’t been sitting well with me… That’s a dated mentality ... I’m not on that …,1
"Man, I was thinking about when I commented on the idea of ""taking the rap throne” …",1
Just creating in a fun simple way with no politics…,1
Imagine if the people I named went to high school 2gthr and had a project to do for school…,1
all with one purpose of creating beautiful product that can be attainable by everyone…,1
"A dream of mine would be to do a project where I work side by side with Raf Simmons, Helmut Lang, Vanessa Beecroft and Martin Margiela",1
Stream THE LIFE OF PABLO on https://t.co/shjFIS65Ia,1
Hey Nicolas Ghesquiere I grew up on Tron too… Let’s be best friends!!!,1
I’d rather teachers got paid more and books cost less … #2020,1
We have to lower the price of textbooks…,1
Education puts Americans into debt before they even get a chance to get started…,1
Steve Jobs wanted to lower the cost of textbooks…,1
she’s giving everything she has to make sure her son has a better future…,1
"I mean, his mom has to work 2 days just to afford 1 book for her son …",1
Her son just got in a really good school and his textbooks are like $400 dollars each …,1
I have a friend who works really hard and makes $370 dollars a day…,1
All positive energy,1
so many people were inspired and that’s all I wanted…,1
MSG was amazing …,1
You let me dream without limits…,1
They provided resources for me to create… they supported me … I thank you so so much …,1
Adidas has really made all the difference …,1
Thank you Adidas for supporting my creative vision …,1
Pablo is full of joy and love because I was able to create…,1
I hope these words and this moment of truth can serve as some extra motivation to you…,1
"for anybody listening to Pablo now, working on a dream",1
so people laughed when I said I wanted to be able to take care of my family …,1
"but if you don’t have your paper right, there's a chance that your family can be broken up",1
"when Sway was telling me what to do, I was in debt, and had a child…",1
"When Charlemagne was calling me ""donkey of the day"" I was in deb",1
I can see the clouds separating …,1
I’m an artist… the definition of art - or at least my definition - is to be able to see the truth and then express ,1
I don’t have to be cool…,1
perhaps a fashion group will cover the 53 that I’ve invested over the past 13 years…,1
Perhaps Adidas will do some big Lebron style deal or …,1
my dreams brought me into debt and I’m close to seeing the light of day…,1
"this country was built off of dreamers … never give up on your dreams, bro…",1
"You can point fingers and laugh, but for all entrepreneurs with families ",1
I wanted the world to know my struggle…,1
Money doesn’t make me who I am…,1
You can’t control me or use the debt against me no more …,1
For the past 3 years people who knew about the debt tried to use it against me in negotiations …,1
only problem I got with Good Fridays is I got more songs than I got old pictures!!!! Lol!!!!,1
Also all Good Fridays songs will be on Tidal. Me and Kendrick got 40 songs and me and Young Thug got 40 songs. 40/40 club!!!,1
Please to all my friends fans and music lovers. Sign up to Tidal n,1
My album will never never never be on Apple. And it will never be for sale... You can only get it on Tida,1
This was made with love. Only God can judge me. So I only expect love back!!!,1
Shut the fuck up and enjoy the greatness,1
Aight then …,1
Don't tell me Lebron had a bad game. What yo jump shot look like???,1
The system is designed for colored people to fail and one of our only voices is music. One of our only ways out is music,1
I love love love white people but you don't understand what it means to be the great grandson of ex slaves and make it this fa,1
"To Pitchfork, Rolling Stone, New York Times, and any other white publication. Please do not comment on black music anym",1
Puff Daddy is the most important cultural figure in my life. His influence means everything to m,1
"Pitchfork, the album is a 30 out of 10",1
People wanted me to tweet again well here's some tweets!!!,1
and a balance art family perception friends family politics and the fucking manipulators,1
No matter what level you're at in life there is still a stru,1
but if the self proclaimed cockiest person in the world can lay his personal business on the line then please people see my hea,1
This is a God dream,1
I know I confuse you guys sometimes but please bare with m,1
I am ultra light beaming right now. So many people have called or emailed to help today hedge fund guys billionaires etc,1
I am of service to the world with my art and I just want to serve m,1
and I think the idea of being a celebrity a lot of times blocks the understanding of what my purpose is,1
There are people who support artist and philanthropis,1
"I could not have done the MSG without Adidas but world, what I'm telling you is that was just a small sketch for what I will bring you",1
Also for anyone that has money they know the first rule is to use other people's money,1
If I spent my money on my ideas I could not afford to take care of my family. I am in a place that so many artist end up,1
but I need access to more money in order to bring more beautiful ideas to the world,1
Yes I am personally rich and I can buy furs and houses for my family,1
I want to help the world and I need help to do it. I am an artist and I care about humanity,1
I just feel rich people are always too cool to ask for help trying to impress each other at dinner parties,1
"...on another note, can brah be the girl verson of bruh???",1
and yes there are misspellings on this chart… that’s how you know it’s m,1
All you guys had meetings with me and no one lifted a finger to help…,1
I promise I’m going to make the world dope…. all I do is make shit dope #facts…,1
if you want to help… help me…,1
you’d rather open up one school in Africa like you really helped the country…,1
All you dudes in San Fran play rap music in your homes but never help the real artists…,1
hey Larry Page I’m down for your help too …,1
Here is my Donda chart that I wrote 4 years ago that everyone laughed at… https://t.co/g1po6Z3H55,1
I know I can make the world a better place… I have done the impossible … I retook the throne of rap… I beat the fashion game…,1
and I will always respect you for that and the world will love you…,1
one of the coolest things you could ever do is to help me in my time of need,1
"Mark, I am publicly asking you for help…",1
I don’t have enough resources to create what I really can…,1
I’m this generation's Disney… I want to bring dope shit to the world…,1
"World, please tweet, FaceTime, Facebook, instagram, whatever you gotta do to get Mark to support me…",1
"You love hip hop, you love my art… I am your favorite artist but you watch me barely breathe and still play my album in your house …",1
Mark Zuckerberg I know it’s your bday but can you please call me by 2mrw…,1
I put Lowlights on my album just thinking about all the moms driving they kids to school then going to work…,1
Bars are worth more than money because it's something the people can use everyday to feel inspired,1
I know y'all tired of music controlled by money and perception. I'm proud of every dime of debt I ,1
All y'all so worried about being likable but only a few are concerned about being great!!!,1
"I am the Jordan and Steph Curry of music, meaning I'm the best of 2 generations",1
I made Dark Fantasy and Watch the Throne in one year and wasn't nominated for either ... I will have over 100 Grammys before I d,1
I made Dark Fantasy and Watch the Throne in one year and wasn't nominated for either ,1
I'm practicing my Grammy Speech. I'm not going to the Grammys unless they promise me the Album of the Year!!!,1
Tidal is also funding a lot of my scripted content ideas. It's a new day people. More Ultra Light Dreams to be realized,1
Man thank you so so so much everyone for signing up to Tidal. Tidal is now the number one app in the world!!! https://t.co/O3r9DkX03R,1
Please for all music lovers. Please subscribe to tidal!!! I decided not to sell my album for another week. Please subscribe to tida,1
Ima fix wolves,1
after realizing he is the greatest living artist and greatest artist of all tim,1
Mark Zuckerberg invest 1 billion dollars into Kanye West ideas,1
https://t.co/CGJ5PYLq67,1
They are calling me to the SNL stage now ... Speak soon,1
This is all all is fun all in good feelings... We will all be gone 100 years from now but what did we do to help while we were here!!!,1
I write this to you my brothers while still 53 million dollars in personal debt... Please pray we overcome... This is my true hea,1
Let's dance in the streets. I am consumed by my purpose to help the world,1
All memes are wrong... The Life of Paul... The life of Pablo... Ultralight beams... Moms dads daughters sons stand up,1
Please forgive the profanity and give hugs and blessings to my brother Kirk for standing by me... In a few hours the journey begins,1
He was saved from persecution due to his Roman citizenship... I have the right to speak my voic,1
He was a learned man not of the original sect so he was able to take the message to the rest of the world,1
Paul ... The most powerful messenger of the first century... Now we stand here 20 centuries later... Because he was a trav,1
.... awwwwww... https://t.co/TLXZhIEvmQ,1
Bosses https://t.co/aMzmmTcPQb,1
https://t.co/mOps0CD20f,1
Thank you my brother Ricardo https://t.co/qXHHrMDWQk,1
HAD TO ALL CAPS THIS!!!!!! NO MORE RULES…. MAKE YOUR OWN RULES… ok now back to finishing Pab,1
I’M SO HYPE RIGHT NOW EVERYTHING HAS CHANGED … HAVE YA’LL EVER SEEN TRON? THE END OF THE TRON WHERE EVERYTHING LIGHT UP!!!!,1
HAAAAAAAAAAAAAA FUCK ALL THE HATERS PUT YOUR MIUTHERFUCKING FIST IN THE SKY RIGHT NOW!!!!!!!!!!!!,1
and was there in full support to see me realize this dream…,1
and I’m proud of this picture with me and Caitlyn… She gave the most heart felt speech at my wedding https://t.co/vt76mwqfnH,1
I’ve given everything I had for this moment… a lot of people feel it’s the paradigm shift …,1
fashion ain’t no joke for me… It’s a way of life… creative expression and industry…,1
so many people didn’t make it and gave everything they had for me to stand on their shoulders and break through fashion…,1
Your site is entertaining and hilarious but certain things are just too far… you have no idea what I’ve had to go through …,1
"I’m a human being… I’m an artist, bro…",1
you probably got bootleg Yeezy’s on right now…,1
but Media Takeout couldn’t say one thing positive knowing damn well you’d love to be on the YEEZY 350 list…,1
people were crying… people were throwing up the fist… people were dancing…,1
I had an album listening and clothing presentation and Madison Square Garden…,1
respect the struggle… respect the hustle… respect the dreams… respect the movement…,1
You seem like the type of organization hired to always keep dreamers down… when certain things in history happen you just got to respect it…,1
Now - Media Takeout - always remember that you dissed the collection that changed the world,1
It’s Chance's fault the album not out yet… he really wanted Waves on that Bitch… we in the lab n,1
There would be no MSG without @iamdiddy my OG. He fought this war 15 years ago. Respect OG,1
You have supported me since the beginning and I'm so happy to call you my friend!!!,1
The boss: thank so much Anna for coming to my show!!! https://t.co/VAwzk0SDU,1
The album is being mastered and will be out today… added on a couple of tracks… https://t.co/6lBxcd83N2,1
Now that the album is finally finished it’s back to Good Fridays. https://t.co/j5vq347xCC,1
I want to be the creative director of Hermes…,1
not just the famous people there but the kids the moms the dads the families that came to share this moment with us,1
9th It felt like a seen from The Warriors ALL GODS ALL GODS ALL GODS in the buildin,1
but you can see at Madison Square Garden that you can stop us,1
8th They want to control us with money and perception and mute the cultu,1
7th I miss that feeling so that’s what I want to help res,1
That’s why music is so fucking watered down right now I miss that DMX feelin,1
6th Stop trying to demonize real artist Stop trying to compromise a,1
I can’t be mad at Kanye because he made me famous! #FACTS,1
She was having dinner with one of our friends who’s name I will keep out of this and she told him,1
5th thing I’m not even gone take credit for the idea… it’s actually something Taylor came up with …,1
4th Bitch is an endearing term in hip hop like the word Nigga,1
3rd thing I called Taylor and had a hour long convo with her about the line and she thought it was funny and gave her blessings,1
2nd thing I asked my wife for her blessings and she was cool with ,1
First thing is I’m an artist and as an artist I will express how I feel with no censorship,1
I did not diss Taylor Swift and I’ve never dissed her…,1
Photos by Lukas Wassmann,1
https://t.co/v9JVM8AYVA,1
https://t.co/cbxo3ihLZ0,1
https://t.co/J0QHZ0Yzuh,1
https://t.co/FWU2q16ojQ,1
https://t.co/iB8QCukkH,1
https://t.co/PMoSpvDSr5,1
https://t.co/5segX6ECV9,1
https://t.co/323L5OAd,1
https://t.co/ohp0oxm6bJ,1
https://t.co/LPCRc1msnZ,1
https://t.co/spVqZEhAc6,1
https://t.co/6vlSHSlS3X,1
https://t.co/rtllTiL46S,1
https://t.co/m7XrXVbq1q,1
https://t.co/2rBncjo4Qz,1
https://t.co/QqPCgeOHT8,1
Another Cover https://t.co/WOwEmmmlHI,1
"Replay Season 3 on Tidal
https://t.co/fD96iOJxA",1
Cover by Peter De Potter https://t.co/wdQOHk6QBA,1
Family,1
Father Stretch My Hands.... I cried writing this.  I love my Dad https://t.co/bkbNnU0BEH,1
WE’RE RELEASING MORE TICKETS FOR TODAYS SHOW AT MADISON SQUARE GARDEN… https://t.co/BwvStxRTEC,1
Zine party with Jackie Nickerson Virgil Abloh Heron Preston #goodjobwillo https://t.co/GEKOfLzOZ1,1
Final track list for The Life Of Pablo https://t.co/PMH94MAAeJ,1
"YEEZY Season 3. 2/11 4PM ET. @TheGarden. Livestream for ALL on TIDAL.
https://t.co/flkoN5t26q",1
Please no one text me or ask me for anything till Monday,1
Seating https://t.co/xOJI2y0TvM,1
Season 3 invite https://t.co/lhVebPlTJd,1
https://t.co/9tu8KNy6iE,1
https://t.co/oM2GnAdgGc,1
in the booth https://t.co/Kpgs1qbV,1
Wow this is pretty cool ... good job NIKE team... Lebron is my brother https://t.co/QrzpkRwWAk,1
BILL COSBY INNOCENT !!!!!!!!!!,1
I'm sorry Michael Jordan I love and respect you. My beef was with Mark Parker. I respect you so much!,1
Now they know https://t.co/6c3OXYmkPG,1
Puma we gone give you your measly million dollars back!!! Never try to divide the family!!!,1
1000% there will never be a Kylie Puma anything. That's on my family! 1000% Kylie is on Yeezy team!!!,1
Material for Merch stand #goodjobwillo https://t.co/e7nMtSv0ej,1
Love love love love love my baby girl #lovemyfamily https://t.co/YacTKSyVFE,1
https://t.co/5666EixyVK,1
2017? https://t.co/hxdDMhHcr1,1
Season 4 I’m only working on kid’s clothing...full tim,1
That's the new album anybody who can figure out the title gets tickets to Season 3 and free Yeezys,1
@studio /final verses /new album title  T.L.O.P. https://t.co/yXKbFl9w6W,1
Location scouting for Zine party February 10th with @ Jackie Nickerson … #Goodjobwillow https://t.co/ff4OXU5f47,1
@ fitting https://t.co/5naqRxuy0U,1
@ fitting /shot by @asvpxrocky https://t.co/iGAeToTwly,1
@ fitting / wifeylook https://t.co/YCsIkrUHA,1
@ fitting @BrainaLaviena https://t.co/B11VW8Qcwx,1
@ fitting /@asaprocky https://t.co/QHeDGN4Zix,1
@ fitting / gloves https://t.co/jLcrdx1NN1,1
@fitting /knit https://t.co/Fgei1GglbU,1
@fitting. shearling fur side is too light. Need deeper color https://t.co/oKzbNNE5gq,1
@ fitting /waterproof 1050s https://t.co/M7LGLpnIJ1,1
@ fitting / 1050s https://t.co/X2C8zKLfKN,1
@fitting  /merch stands https://t.co/o563Y9tmCz,1
"I have to call @FloydMayweather and @LeoDicaprio, I spoke to @MikeTyson yesterday",1
@ fitting / wife outfit https://t.co/5E8F8UA4vp,1
@ fitting / knit https://t.co/dGpyfBkXoS,1
Season 2 Zine pronounced Zeen short for magazine.    A lot of people pronounce it wrong. https://t.co/jnmLFV3wZN,1
@ fitting https://t.co/dVS7sedQVH,1
"Tweet:
@ fitting https://t.co/lAbgmeUv4",1
SEASON 3 https://t.co/8T1uPQewkc,1
"Caught 10,000 retweets in half a second #facts",1
There may be a new secret album ,1
ALSO THANK YOU @FuckTyler FOR THE BEAT https://t.co/dyCBUtsWRx,1
THANK YOU GUYS KIMOJI IS NUMBER 1 ON THE APP STORE https://t.co/qjmsUYOzAp https://t.co/L0FBBgk9Gs,1
I held a few seats for stage design that may open up depending on Vanessa’s final layou,1
THANK YOU SO MUCH GUYS WE SOLD MADISON SQUARE GARDEN OUT IN 10 MINUTES!!!,1
"Madison Square Garden Album listening / Yeezy Season 3 presentation
Performance by Vanessa Beecroft
https://t.co/2mazeLxHN2",1
On February 11th these dreams come tru,1
It was always a dream to show my collection at Madison Square Garden,1
It was always a dream to have a listening party at Madison Square Garden,1
"Aye Billboard you could use the term “unauthorized"" but never refer to anything that me and Tyler do as fake out of respect to musicians…",1
@billboard … it’s not a fake cover… you seen it didn’t you… you know we shot it didn’t you…,1
Should this be a Rolling Stone cover? Yes or N,1
"I bet you this still becomes the cover though... Let's do another poll.....
#trollingston",1
ROLLING STONE SHOT BY TYLER THE CREATOR https://t.co/lOMtOdOE,1
So many musicians touch my life and made me who I am… I want to make something great to honor my idols…,1
this new album is ONE of the greatest albums not the greatest just one of …,1
"Out of respect for Q-Tip, Puff, Hov, Lauren, Pharcyde, Mary, Stevie, Michael, Hendrix, James, Pete Rock, Pac, Marvin…",1
Me and Wiz spoke yesterday. Great convo. All positiv,1
"SEASON 3 / WAVES / MADISON SQUARE GARDEN / INTERNATIONAL CINEMAS
https://t.co/6u1aPYUwQ8 https://t.co/SkEeTGgoMu",1
CONGRATULATIONS TO MY BROTHER VIRGIL ABLOH ON THE NEW BORN,1
God’s dream… Never speak on kids again… all love … all blessings…,1
I’m not into that kind of shit… I like pictures and videos Me and my wife got the kind of love that can turn exes into best friends,1
Exes can be mad but just know I never let them play with my ass… I don’t do that… I stay away from that area all togeth,1
I’m happy that I now know that KK means weed… please excuse the confusion … now back to #WAVES,1
Man it’s a sad a day… Wiz lost 2 million followers since I tweeted I didn’t mean to either him like tha,1
In the lab with Ian Connor by the way,1
The Devil can’t stop us,1
Ima take these down cause it’s all about positive energy blessings blessings positive energy blessings,1
Good energy positive energy,1
This album is actually a Gospel album,1
I love the world bottom line and all I want is peace and positive energy,1
What’s sad is I love Wiz and I love all all my brothers and all peop,1
#Waves https://t.co/Azig7aNYOu,1
#wifey #season3 https://t.co/Cn7qx5MbNk,1
Honor puff honor 50 honor q tip honor jay,1
I got this record niggas can't even play before 2 am,1
All respect to Andre Harrel and Max B #Waves,1
#Waves the album formally known as Swish 😭😭😭,1
#waves https://t.co/fyER7NH8DC,1
"New album title, WAVES",1
This is not album of the year. This is album of the lif,1
good fridays,1
So happy to be finished with the best album of all time https://t.co/JBWa8OWvq,1
Uncle Larry is with us in the lab https://t.co/FCRiOtrZP1,1
#unclelarry https://t.co/xeqX9NbXyQ,1
"We just wanna thank Madlib for these 6 beat CDs he sent over
#scary https://t.co/rSKnOH5s9b",1
squad https://t.co/WVYnjNtdRA,1
squad https://t.co/wdOKb4bJt1,1
Had to do it https://t.co/jsEPvnjKB8,1
The monster https://t.co/N1F3QFmRws,1
😢 https://t.co/cDbAdPamwO,1
I told my wife... #whichonelookbetter #allmattedout #newgrillcomingsoonallchrome #blessed https://t.co/hpTOCBSlED,1
A message from Yasiin Bey https://t.co/Mf6apCqn2D,1
It's up https://t.co/w7zWdeVSV9,1
NO MORE PARTIES IN LA .........................very very extremely soon family https://t.co/C1R3oa0G2Z,1
I pray for his friends and family,1
"David Bowie was one of my most important inspirations, so fearless, so creative, he gave us magic for a lifetim",1
I have no interest in working with anyone who is too important or too good or too traditional to take a call at 3am,1
My idol. https://t.co/YGFrPhQmD,1
Swish February 11 16,1
No More Parties in LA featuring Kendrick Lamar intro produced by me/track by Madlib https://t.co/Mf6apCqn2D https://t.co/qNvP6yTTBq,1
Real Friends produced by me/sample by Frank Dukes and Boi 1da/drum programming by Hav,1
I hope you have a nice weekend,1
New version is up. Please please erase the old one I wasn’t satisfied with the sound quality,1
It will be back up shortly. When it’s back up all rippers please rip the new one instead,1
"Un momento, there was a slight distortion in the main loop within Real Friends",1
"Thank you GQ and to everyone who voted, it’s been an amazing year!!!
https://t.co/etgEotjaQi https://t.co/Zo9acGN4M2",1
Praying for my brother King Louie and his family,1
I’m so proud of my wife! This KIMOJI idea is so dope... https://t.co/fsWK5FOGTE,1
R.I.P. DJ TIMBUCK2. He was an amazing person and talent. My prayers go out to his family,1
no offense to anyone… I’m asking everyone DON’T ASK ME FOR ANYTHING TILL AFTER I’M FINISHED WITH MY ALBUM,1
I’m finishing my album and my next collection…,1
"Pusha T “King Push - Darkest Before Dawn: The Prelude"" Preorder
https://t.co/MrZOI4iVVu",1
"Kid Cudi ""Speedin' Bullet 2 Heaven"" https://t.co/HAHbYWDfMa",1
"Pusha T “Untouchable”, produced by Timbaland. https://t.co/I1rybEb6X",1
"…with my brothers Trav, Yasiin and Nabil https://t.co/KsB0igFQ06",1
Robert Zemeckis is a truly inventive filmmaker and captivating storyteller. He is one of my favorite directors of all tim,1
I just saw The Walk and it was truly inspiring! The Walk is a modern elegant masterpiec,1
"If a game is made for a 2 year old, just allow them to have fun and give the parents a break for Christ sak",1
That makes no sense!!! We give the iPad to our child and every 5 minutes there's a new purchase!!!,1
Fuck any game company that puts in-app purchases on kids games!!!,1
http://t.co/5hdjjgV5o3,1
Color http://t.co/0ZTDPK4M4A,1
http://t.co/kzaB65UaA7,1
Please: Do everything you possibly can in one lifetim,1
Maximum expression while I have air in my lungs,1
http://t.co/tB4mMBlG0,1
http://t.co/HlWD22AuiS,1
http://t.co/OitjAA3Vas,1
http://t.co/O8CJqRQFZO,1
http://t.co/ZQBS0seghd,1
http://t.co/GY9BabiUS3,1
http://t.co/3oglP4xbBF,1
http://t.co/zLGTpBYLga,1
http://t.co/JK8enCQOMU,1
http://t.co/8LjvbxMQnc,1
http://t.co/ppIEIe72fJ,1
http://t.co/Zm5drAzp09,1
http://t.co/Cj3qBUubL,1
http://t.co/47sjFXFIXS,1
http://t.co/82xFmk3,1
http://t.co/GwxWvhWTnA,1
http://t.co/Frxp3F2YkS,1
http://t.co/yya7D1l48,1
http://t.co/bABSVIBKRL,1
http://t.co/7R4IGWXO64,1
http://t.co/rxGPMByn0S,1
http://t.co/BlUO6GXOMG,1
http://t.co/3y8wIWSfXu,1
http://t.co/v3YFh6OudF,1
http://t.co/mzlcJo6irU,1
http://t.co/ZtrczR5jUm,1
http://t.co/8wHSskkpN8,1
http://t.co/iSMCwziQ6y,1
http://t.co/ezcZxxAFF2,1
http://t.co/DxN98Dpatx,1
http://t.co/NosaGi7pIH,1
"Richmond Heights OH
San Diego CA
San Jose CA
Seattle WA
Sterling Heights MI
Sydney Australia
Washington DC",1
"Mays Landing NJ
Melbourne Australia
Miami Beach FL
Minneapolis MN
New York NY
Orlando FL
Paris France
Philadelphia PA
Phoenix AZ",1
"Emeryville CA
Framingham MA
Frankfurt Germany
Hanover MD
Houston TX
Las Vegas NV
London UK
Los Angeles CA
Manchester CT
Manchester England",1
"Atlanta GA
Belfast Ireland
Berlin Germany
Birmingham UK
Cary NC
Chicago IL
Copenhagen Denmark
Dallas Tx
Denver CO
Dublin Ireland",1
Season 2 will be live streamed to theaters in the following cities,1
SEASON 2 http://t.co/8T1uPQewkc,1
"The Weeknd is one of my favorite artists and I was really excited to get to work with him on this song.
https://t.co/xICoiWyCnd",1
RODEO http://t.co/vqM96I29T8,1
http://t.co/AY7VS7WGxh,1
"My good friend Ellen @TheEllenShow just launched her clothing line, http://t.co/6jVO1gDzIH",1
My prayers go to Ingrid Sischy’s family … I will forever appreciate her sincerity … She was a super nice person. http://t.co/GajqVowxAH,1
Baptism http://t.co/YnHbme8Y6,1
DREAMS ARE WORTH MORE THAN MONEY http://t.co/Xp0N6rBKEs,1
Skateboard P is the God,1
"Beautiful song, incredibly shot.
https://t.co/Llv15T82NL",1
".@Tyga The Gold Album #DONDADESIGN
http://t.co/lIaUd9IAmY http://t.co/UYbXDhS4EJ",1
3500 http://t.co/0pTDcFb7dj,1
"Kim, I’m so happy to be married to the girl of my dreams… I love you and Nori so much!!! I would find you in any lifetim",1
http://t.co/n140cTEcxy,1
We promise to win,1
Thank you SAIC… This is my greatest honor to date and would have been my mother - Dr. West’s - proudest moment. http://t.co/UmbmkJDHhq,1
I might change it again but that’s the name n,1
I’m changing my album name to SWISH,1
The love of music is louder than words. http://t.co/dvYp0pl3An http://t.co/1B4edv3jR,1
New PAPER mag http://t.co/nU2dRO57SK,1
"Excited, humbled and motivated for the future. http://t.co/t5estPlR6",1
New Tyler https://t.co/2vNarGnL5I,1
VIC MENSA - U MAD featuring me http://t.co/Q0YFFn1JsP http://t.co/zcXB13D90L,1
"I want to steer clear of “opportunities"" and focus on dreams",1
Akira and There Will Be Blood are equally my 2 favorite movies of all tim,1
Even people who wanna go to heaven don’t wanna die to get there. https://t.co/UBzOzxcBXG,1
I really like this vid... https://t.co/T3bEuqHvgm,1
CODES http://t.co/GllW9Z3k3S,1
SUMMER LEAGUE!!! ME TY $ AND WALE http://t.co/ToLGm2h1rM,1
SEASON zine print edition available for free at the following locations http://t.co/ySwfZewefE,1
"KENDRICK IS AN INSPIRATION. THANK YOU FOR THE VIBRATIONS AND THE SPIRIT. YOUR MEANING, MESSAGE AND EXECUTION ARE GIFTS TO THE WORLD",1
I decided to make it the first official video featuring Theophilus Allan Kingdom and Paul McCartney http://t.co/jD2BnEzN5Z,1
I felt the Brits performance captured the energy of the record http://t.co/Mf6apCHYrd,1
Finally back in the studio… starting my day by listening to Kendrick’s new album!!! Thank you for the music and messaging!!!,1
SWISH!!!!!! http://t.co/07ZjyPi2dh,1
SWISH!!! http://t.co/QhEdqRIjb4,1
SWISH!!! http://t.co/phxpNGOb69,1
SWISH!!!! http://t.co/qEyDXcN8Xj,1
I’M SO LUCKY http://t.co/NyN0w5QCyB,1
CONGRATS BABY ON THE SHOW PREMIERE LAST NIGHT http://t.co/wDrVgwnqZj,1
CONGRATS BABY ON 30 MILLION TWITTER FOLLOWERS http://t.co/ev1g3MXxhG,1
I’M SO LUCKY http://t.co/8rB3T0Hl6b,1
http://t.co/eXkoz9gdcd #yeezyboostlaunch,1
YEEZY SEASON ONE - PHOTOGRAPHS BY JACKIE NICKERSON http://t.co/ySwfZewefE,1
"RT @LiveNationUK: TONIGHT: @kanyewest to play one off show @KOKOLondon. Over 18s only, doors 11pm, strictly 2 tickets per person http://t.c…",1
CyHi The Prynce freestyle on Westwood http://t.co/eEPVt2Jhv,1
"ALL DAY (feat. Theophilus London, Allan Kingdom & Paul McCartney) http://t.co/AOMo6EtEDT http://t.co/1xvft3175J http://t.co/LfasWNl679",1
"YOU ARE A LEGEND, A GREAT FRIEND, AND RESPECTFULLY EVEN THOUGH YOU WHITE ONE OF THE REALEST NIGGAS ALIVE",1
"THERE WOULD BE NO FIX, NO WATCH THE THRONE, NO COLLEGE DROPOUT, NO GOLD DIGGER WITHOUT YOU BRO!!!!",1
"HAPPY BDAY TO MY BROTHER MIKE DEAN, MIKE YOU’RE ONE OF THE GREATEST LIVING MUSICIANS IF NOT THE GREATES",1
So Help Me God http://t.co/e3UUsQQEts,1
New Album ,1
Yo so proud of my family Big Sean for his first number 1 album!!!! #Goodmusic!!!!,1
I also would love for Bruno to sing this hook on this song 88 Keys / Puff and I produced… I even asked Tyler to shoot the vid,1
"I also want to publicly apologize to Bruno Mars, I used to hate on him but I really respect what he does as an artis",1
"I would like to publicly apologize to Beck, I’m sorry Beck",1
"Congrats to my family Chris Brown and Tyga on their new release
https://t.co/yGm82L5gNm",1
"Really proud of my brother and his new album.
https://t.co/foh4MlZnVc http://t.co/iqRhogHXVV",1
GOOD LUCK TO MY FAMILY COMMON AND JOHN LEGEND ON THEIR OSCAR NOMINATION!!!!! SO PROUD OF YOU GUYS!!!!,1
BLESSINGS ON BLESSINGS ON BLESSINGS!!! http://t.co/UtcxsIaH4,1
Seems like just yesterday we were interning at Fendi - now you’re nominated for the LVMH Young Designer Priz,1
I am so proud of my family Virgil Abloh,1
"If you wanna have a drink with me, book a table at the spotted pig when I’m back in NY",1
We want to innovate and we will win someday,1
"All we have are our dreams, and you can step on our dreams and ideas all you want, but we won’t stop fightin",1
"Fame is often looked down upon in the design world, so it’s actually been something I had to overcom",1
because I was too famous by the time I realized I wanted to design,1
I don’t call myself a designer as I was not allowed to go to Saint Martins,1
I have millions of ideas and I represent a new generation just trying to express themselves in a broken world,1
and I have encountered countless amounts of bigotry along the way,1
To Fern Mallis: I just want you to understand that attempting to do clothing has been very difficu,1
@cyhitheprynce #NAACP #BHP2 https://t.co/qzYsutMFrN,1
LET'S GO!!! http://t.co/eZlDcSw9wZ http://t.co/LpVuwSvy0Q,1
please read http://t.co/iMQhPm3iRc,1
Access granted. Reserve now. #YEEZYBOOS,1
backstage 00:00:00:03:28:30:13 http://t.co/mSKqlp9t2,1
camera angles 00:00:00:05:56:33:30 http://t.co/mSKqlp9t2,1
"#YEEZYBOOST ACCESS:
http://t.co/G1T7VxJwQD",1
details 00:00:00:20:53:39:14 http://t.co/mSKqloRSaQ,1
hair and makeup 00:00:00:21:20:07:84 http://t.co/mSKqloRSaQ,1
YEEZY SEASON 1 Live Stream 2.12.15 4p EST. Tickets for 50 theaters worldwide http://t.co/mSKqloRSaQ,1
invite 00:00:01:02:22:10:41 http://t.co/mSKqloRSaQ,1
patches 00:00:01:22:20:23:26 http://t.co/mSKqloRSaQ,1
patches 00:00:01:22:45:51:02 http://t.co/mSKqloRSaQ,1
casting 00:00:02:00:07:10:36 http://t.co/mSKqloRSaQ,1
vacuum packed 00:00:02:19:11:21:01 http://t.co/mSKqloRSaQ,1
00:00:03:21:45:33:05 http://t.co/8T1uPQw7bK,1
http://t.co/0vKr199CzM,1
00:00:05:04:06:28:93 #adidasoriginals http://t.co/8T1uPQw7bK,1
3 00:00:05:23:06:01:83 http://t.co/8T1uPQw7bK,1
printing invites 00:00:00:05:23:14 http://t.co/8T1uPQw7bK,1
http://t.co/8T1uPQewkc 00:00:06:19:52:31:01,1
GOOD Sessions http://t.co/etLa3PDkrq,1
"""Blessings” Sean, Drake, Me. Dark Sky Paradise 2.24.15 http://t.co/KyUJTfrKZr http://t.co/2gDhGbe9gk",1
"ONLY ONE directed by Spike Jonze, concept by Vanessa Beecroft http://t.co/QharTmKV5N
https://t.co/E8drMkoPDB",1
ONLY ONE directed by Spike Jonze http://t.co/1xvft3AjCn,1
http://t.co/wYZur636HU,1
ONLY ONE ft. Paul McCartney http://t.co/AolpyJ6ny5 http://t.co/45EiXLvcuf photo @inezandvinoodh http://t.co/0Ci8OcApDq,1
"600,000 people rallied for justice on Dec. 13th #blacklivesma",1
Pusha T Lunch Money #DONDA #GOODMUSIC http://t.co/flbShHO42,1
#ALLDAY http://t.co/bQZK8lnNfB,1
VIBES! Out Today. http://t.co/EIxhSnQjEL,1
"VII #RealRnB #TeyanaTaylor
http://t.co/DfW5ygGUak",1
"I know it’s last minute, but if you haven’t voted, please vote today",1
The midterms are extremely importan,1
I'm supporting the Democratic ticket in these midterms,1
Me and my wife met with President Obama two weeks a,1
Sometimes I feel like just saying I love you isn’t strong enough to express how much I love you…,1
Happy Birthday baby! Thank you for being the dopest wife & mom! http://t.co/D3k20HN3Yb,1
not smiling makes me sm,1
"Hedi at Saint Laurent, Nicolas at Vuitton and now John at Margiela",1
It is very exciting to see what powerful creatives do at different houses,1
"JOHN GALLIANO is the new creative director of MARGIELA, I heard this rumor when I was in Paris and just received confirmation this morning!",1
@BigSean http://t.co/wP0JrZy45A http://t.co/DPAIwowEGZ,1
"YEEZUS TOUR POP-UP SHOP MELBOURNE, AUSTRALIA 336 CHAPEL STREE",1
http://t.co/0SkI4pYfFU http://t.co/dJJ9i3e21x,1
"RT @UncleRUSH: Police sensitivity training ,diversity initiatives, body cameras for police and a fucking arrest. Would be a good start…",1
Thank you Robin for all of the joy you brought the world http://t.co/c0YABjcLM,1
http://t.co/HWIjFy0M0D,1
http://t.co/WEmwgYwNJD,1
http://t.co/TPMcn7kr8W,1
http://t.co/sVczpkwDuc,1
http://t.co/oJkyP36sXk,1
http://t.co/s6F8SciGbG,1
A.P.C. KANYE http://t.co/bMty2Fnjob,1
"One of my favorite artists Lana Del Rey’s new album.
http://t.co/14BIkuVvW2 http://t.co/TDk8OmPMUF",1
"http://t.co/8CaiGU28Jq
#Allinornothin",1
http://t.co/4fUQMtMhe9,1
http://t.co/CIKgSJ3bRc,1
hi Mom http://t.co/rP0xlyt4Eq,1
"My friend Lisa Robinson just released her book, There Goes Gravity. http://t.co/oayjIhFcmy. Pretty legendary photos in it!!!",1
I love my family http://t.co/SDZohbsoaA,1
Dreams come true http://t.co/JlNzCKwZ0h http://t.co/sC3KNTl7fH,1
#TRILL Thank you @voguemagazine http://t.co/C4O8XOeJjS,1
check out @SteveStoute classic Tanning of America marathon starting at 7pm on vh1 #hiphopchangedus,1
I'm performing tonight on @LateNightSeth,1
"The doors may be heavier, but I promise you WE WILL BREAK THEM",1
"Ten years later I am still the same kid from Chicago, still dreaming out loud, still banging on the d",1
I wake up every day trying to give something back to you that you can rock to and be proud of,1
"I am honored and humbled by my fans, for the unwavering support and love over the past ten years",1
"gave of their heart to that project, and to all the projects that followed, and are to com",1
"I am extremely grateful to each and every person along that road who helped, lent an ear, lent their voice,",1
"to not only convince my peers and the public that I could be an artist, but to actually get that art out for the world to hea",1
"I say ""finally"" because it was a long road, a constant struggle, and a true labor of lov",1
Ten years ago today we finally released what had been my life's work up to that point: The College Dropou,1
A.P.C. http://t.co/RMdltT4vO,1
YEEZUS TOUR ON SALE NOW http://t.co/shjFIROujA,1
YEEZUS TOUR PRE-SALE NOW http://t.co/ctery9mHJA,1
OFF-WHITE Virgil Abloh http://t.co/GSceFeMA4U,1
"Thank you, Mandela, for your life's work and may it serve as a guiding light to illuminate our futu",1
At a young age my mother taught me the importance of his work. Mandela sacrificed his life for the betterment of mankind,1
I'd like to address the false stories and noise that have been engineered by the media,1
"Despite recent media reports, I've never said anything to dishonor or trivialize the life or transition of one of the most inspiring leaders",1
"Respect to Mandela, his family and his legacy",1
YEEZUS TOUR MERCH AVAILABLE BLACK FRIDAY http://t.co/M56v4jI0X2,1
You inspire us all to be greater and have broken the original doors down that gave us the platform: http://t.co/fFrj884wP6,1
"Thank you Russel for these kind insightful words, I appreciate your mentorship",1
"LOU REED INTERVIEW IN SYDNEY 1974.
http://t.co/U7gS3yd98",1
BOUND 2 VIDEO @ http://t.co/shjFIROujA http://t.co/ojSNK8IRWI,1
YEEZUS TOUR OFFICIALLY BACK ON THE ROAD http://t.co/VQmRN6Z3tY,1
I DO NOT HAVE AN INSTAGRAM…,1
Thank you MAISON MARTIN @MARGIELA and @RenzoRosso It was one of the greatest experiences to work with the maison!!! http://t.co/zvUtw0oiip,1
“@KimKardashian: #NoFilter http://t.co/EWveUYTi3y” HEADING HOME NOW,1
So proud of my baby @kimkardashian http://t.co/cArxWft6E,1
MY NAME IS MY NAME. PRE-ORDER ON ITUNES NOW. http://t.co/Sy0S7t4PAp,1
YEEZUS TOUR WITH KENDRICK ON SALE NOW. http://t.co/Qb5QmxrB7U,1
Karl shooting my 2 girls @CarineRoitfeld @RiccardoTisci @KarlLagerfeld http://t.co/HJWw3Cotxq http://t.co/S04Bz4IZBB,1
TOUR http://t.co/KRKLbkY9B8,1
"I loved working on this new John Legend album, LOVE IN THE FUTURE, out now. @johnlegend https://t.co/cc1rzT2P6L http://t.co/65caceLwb",1
PUSHA-T: MY NAME IS MY NAME. COVER 2. OCT 8TH. http://t.co/qClE4r8Mxn,1
PUSHA-T: MY NAME IS MY NAME. COVER 1. OCT 8TH. http://t.co/8KTBqca2WI,1
BIG SEAN. HALL OF FAME. IN-STORE TODAY,1
BLOOD ON THE LEAVES http://t.co/1xvft3iIuj http://t.co/aEt5UW3biI,1
New Big Sean video - creative direction by Matt Williams from DONDA,1
please don't diminish the user experience by just posting it as a normal video … please link them to my s,1
if you put a link to my site people will be able to chop & screw the video. this is a step towards the possibilities of internet based vid,1
ATTENTION all sites just posting merely the video version of BLKKK SKKKN HEAD,1
BLKKK SKKKN HEAD http://t.co/ctery9mHJA,1
BLKKK SKKKN HEAD INFO http://t.co/ROYekqB2aR,1
"I open the debate… The 2nd verse of New Slaves is the best rap verse of all time….meaning … OF ALL TIME IN THE HISTORY OF RAP MUSIC, PERIOD",1
http://t.co/hkUH7FrnNh,1
And to who ever leaked the video… FUK YOU!,1
Allow me and Nick to give the world what we've been losing sleep ov,1
So any website that may have the unapproved / unfinished ruff. I ask you to please take it down,1
The final version will be ready within the next week,1
Me and Nick Knight have been working on this video for 5 months and for creatives it's heartbreaking when something like this happens,1
The BLKKK SKKKN HD video that leaked yesterday was not the official version,1
Thank you Jean Touitou for letting me create with you http://t.co/ctery9mHJA,1
"This is not another ""Robot"" movie. Guillermo del Toro is a mas",1
I saw a pre-screening of Pacific Rim yesterday and it's easily one of my favorite movies of all tim,1
one of the other gifts my girl gave me for fathers day http://t.co/WnlZaMhV,1
ENTER FOR A CHANCE TO WIN A PAIR OF THE RED NIKE AIR YEEZY 2 http://t.co/xWXjqFQu,1
YEEZUS ALBUM NOW AVAILABLE AT http://t.co/7BZwfPawwZ,1
NEW MUSIC AT NEW PROJECTION LOCATIONS @ http://t.co/7BZwfPawwZ,1
BLK SKN HEAD 2 http://t.co/eRErgwx8hc,1
BLK SKN HEAD http://t.co/CVnr8iUkzN,1
"NEW SONG AND VISUAL FROM MY NEW ALBUM BEING PROJECTED TONIGHT ACROSS THE GLOBE ON 66 BUILDINGS, LOCATIONS @ http://t.co/7BZwfPawwZ",1
I'm starting to think anti Semitic means nigger https://t.co/84CpDm9gvJ,1
I’m a bit sleepy tonight but when I wake up I’m going death con 3 On JEWISH PEOPLE The funny thing is I actually can’t be Anti Semitic because black people are actually Jew also You guys have toyed with me and tried to black ball anyone whoever opposes your agenda https://t.co/0xka0D5k50,1
I’m on spaces! https://t.co/vdlvAQ8PCs,1
2020 VISION https://t.co/VqFgFyZ3XD,1
https://t.co/3hGgcjHzRE https://t.co/gFouWM6Ur0,1
Wow 😳 that Rogan interview got em shook Let’s gooooooooo https://t.co/Mxo24Iaa2n,1
https://t.co/rqKBrfNCME Let’s ,1
DABABY TURNED THIS VERSE AROUND SO QUICK ITS INSPIRATIONAL TO SEE HOW FAST WE CAN MOVE AS A PEOPLE. I HAD TO GIVE YALL AT LEAST A SNIPPET. WHAT YOU THIS ISSA RAE A THINK ABOUT THIS ONE 🤔 https://t.co/zqA9td46ZO,1
Chicago! @djpharris will be World Premiering my new single ‘Nah Nah Nah’ @ 5pm on @power92chicago #ThisChicago Artwork by Wes Lang https://t.co/bMT0snh4O5,1
RT @kanyewest: https://t.co/ZURvTEW9ee we stepping out on faith https://t.co/ypQfooB35,1
Pray for Armenia https://t.co/lKFjWMw6Z,1
I’M SO ENERGIZED I HAD TO DROP A NEW SONG NAH NAH NAH https://t.co/DoixRbCT1R,1
https://t.co/3hGgcjHzRE we stepping out on faith https://t.co/0a82wuh8a,1
IMG_9150.mov,1
You think the Yankees might need Jesus tonight ? https://t.co/uI4jpiGrSz,1
https://t.co/8gBTw6g6Jq https://t.co/SJQF5aVdNy,1
https://t.co/8gBTw6g6Jq https://t.co/sJPCR6iyTJ,1
https://t.co/8gBTw6g6Jq https://t.co/bm0wZVVgNK,1
https://t.co/8gBTw6g6Jq https://t.co/lt8B9tH4Ox,1
https://t.co/8gBTw6g6Jq https://t.co/bPzMbzBCwO,1
https://t.co/8gBTw6g6Jq https://t.co/BemsPcCCNz,1
https://t.co/8gBTw6g6Jq https://t.co/7MLPpo7aEG,1
https://t.co/8gBTw6g6Jq,1
Ameer Sudan in Atlanta https://t.co/tpAYmVw3X6,1
Tes,1
Bron pass it to 2Chainz https://t.co/yxxCwDvs9s,1
Praying for Armenia Praying for Breonna Taylor’s family Praying for a world ravaged by the pandemic Praying for Gods love to cover us all Cover our friends and family soften the hearts of the world Thank you God for our lives. In Jesus name Amen,1
Praying for Armenia Praying for Breonna Tayler’s family Praying for a world ravaged by the pandemic Praying for Gods love to cover us all Cover our friends and family soften the hearts of the world Thank you God for our lives. In Jesus name Amen,1
Praying for Armenia Praying for Breonna Tayler’s family Praying for a world ravaged by the pandemic Praying for Gods love to cover us all Cover our friends and family soften the hearts of the world Thank you God for our lives. In Jesus name amen,1
Praying for Armenia Praying for Breoona Tayler’s family Praying for a world ravaged by the pandemic Praying for Gods love to cover us all Cover our friends and family soften the hearts of the world Thank you God for our lives. In Jesus name amen,1
Praying for Armenia Praying for Breoona Taylers family Praying for a world ravaged by the pandemic Praying for Gods love to cover us all Cover our friends and family soften the hearts of the world Thank you God for our lives. In Jesus name amen,1
https://t.co/0DuJH8Aeps,1
https://t.co/nbRu634kab,1
https://t.co/PLqexPZ39M,1
https://t.co/MnAluqY3qY,1
https://t.co/fFMCbzwCfc,1
https://t.co/fXo50rUoSY,1
https://t.co/FplDFDS8mI,1
https://t.co/zDOGbtFR2k,1
https://t.co/M9cOYCd9wm,1
https://t.co/pagPkJp,1
https://t.co/yzb6pLyxGH,1
https://t.co/jtxIZ1mjCG,1
https://t.co/ULywWNvnmV,1
https://t.co/3lYy1xUmVq,1
Yum https://t.co/VrVDwOvxWU,1
HI GUYS ... DO YOU GUYS LIKE STUFF 🦈 https://t.co/258TMj42rh,1
WHEN THE BLACK HEAD OF UNIVERSAL WONT SPEAK TO A BLACK ARTIST ABOUT FREEDOM ... THIS IS AMERICA IN 2020 https://t.co/OcHzLCdqmm,1
I WONDER IF MARY HAS HER MASTERS🤔 https://t.co/9vytQfYBcm,1
🙃 https://t.co/rnmHZj0iEf,1
GOOD MORNING VINCENT ⛷ https://t.co/p4hWKyn6nc,1
GOOD MORNING GUYS ⛷ https://t.co/tyUvtxdac,1
Mood https://t.co/iU7nkMQdK7,1
https://t.co/15ftdbKA9L,1
Apparently Jeff Harleston is very hurt and frustrated Now he knows how all us artist feel Isn’t he the head of artist relations or something in that vein How could he be told to not speak to me at a time like this But he would speak to Joel 🤔,1
I’M CHANGING THE THINGS I CAN’T CHANGE https://t.co/UB0uoe7WZm,1
https://t.co/aTNn3EKnmm,1
https://t.co/P0z8hrdU,1
I’M NOT RELEASING NOTHING ON GAP TILL I’M ON THE BOARD,1
I’M WEARING JORDANS TILL I’M ON THE BOARD OF ADIDAS ⛷,1
🤔 https://t.co/tEUXySgKT1,1
"There are 5 main pillars in a professional musicians business Publishing
Recording Touring Merchandise Name and likeness",1
WE’RE GONIG TO TRANSPARENTLY CHANGE EVERY ALBUM DEAL EVERY PUBLISHING DEAL EVERY MERCH DEAL TOURING DEAL EXCEPT FOR DRAKE’S DEALS 🤣 JUST KIDDING ... I LOVE DRAKE TOO ... ALL ARTIST MUST BE FREE,1
I am the new head of adidas I will make sure all shoes have no laces as Run DMC told me to do ... look natural ... no laces,1
I am the new head of adidas I will make all shoes have no laves as RunDMC told me to do ... look ma ... no laces,1
A CREED FOR ALL WARRIORS WHO FIGHT IN THE NAME OF GOD TO PROTECT OUR CHILDREN AT ALL COST WE ARE NOT AFRAID OF DEATH WE ARE NOT AFRAID OF HUMILIATION WE ARE NOT AFRAID BANKRUPTCIES WE ONLY FEAR GOD,1
NORTHY I AM GOING TO WAR AND PUTTING MY LIFE ON THE LINE AND IF I AM MURDERED DON’T EVER LET WHITE MEDIA TELL YOU I WASNT A GOOD MAN... WHEN PEOPLE THREATEN TO TAKE YOU OUT OF MY LIFE JUST KNOW I LOVE YOU https://t.co/61XmE9BToK,1
First tweet back ... without the phone number 🤣 https://t.co/0aHPz4jY0J,1
HI GUYS ... TRUST ME WE WILL NOT STOP ... HITBOY FIRST TO STAND UP ... I DIDN’T HAVE A PROBLEM WITH HIM PRODUCING FOR BEYONCÉ ... I HAD A PROBLEM WITH THE FACF HE WAS SIGNED TO ME AND I DIDN’T KNOW BUT I KNEW JAY AND BEYONCÉ AND HIT-BOY ... JUST FOR CLARITY,1
If any of my fans want to call a white supremacist ... this is the editor of Forbes https://t.co/KBJ6wRBhcS,1
2012.05.17-Amendment to Recording Agreement and Film Agreement.pdf,1
https://t.co/hBhv6bKjJI,1
"Closed on Sunday
World premiere
11 28 19",1
"FOLLOW GOD
https://t.co/JlXaaO6Ps5 https://t.co/PR2LXa4Sa9",1
"JESUS IS KING
SUNDAY SERVICE EXPERIENCE
NOON PT LIVESTREAM
https://t.co/pJr7fEIN9S https://t.co/3w1MFk3Alm",1
RT @KanyeStanWV: My two @kanyewest tattoos https://t.co/sZOcjMePHc,1
RT @IconicYeezy: https://t.co/btopYDbxBA,1
RT @NaeomiCampbell: @kanyewest President Kanye West and First Lady Kim Kardashian West 🔥🔥🔥🔥 RUN THAT SHIT!!!,1
"RT @TiaTakesLs: WE GOT LOVE FOR
@kanyewest back NO MATTER WHAT!
KANYE WEST FANS ARE FANS OF THEMSELVES!",1
RT @NaeomiCampbell: @kanyewest 2019 is gonna be OUR year ✊🏾,1
RT @zeinabnajm: @kanyewest WE GOT LOVE FOR YOU FOREVER,1
RT @KanyeStanWV: @kanyewest Always be you Kanye! Fuck what everyone else thinks! Always be you,1
"RT @KanyeWe15883162: Here's an art of my idol, Ye (inspired my wolves video) @kanyewest @TeamKanyeDaily https://t.co/bh64dL5YGs",1
RT @TeamKanyeDaily: NEW: YE MUST BE BORN AGAIN '19 HOODED SWEATSHIRT https://t.co/tbMHHJPa,1
RT @AMAZlNGNATURE: Yosemite National Park is home to the most amazing waterfalls 🌈 https://t.co/awMhKuHMlN,1
RT @AMAZlNGNATURE: Tarantulas 😍 https://t.co/xylANCJpEF,1
RT @AMAZlNGNATURE: Little Arabian Colt Prancing Around https://t.co/Cp9P9gHLS1,1
RT @AMAZlNGNATURE: This is so Magical!! https://t.co/OvArSUExc9,1
RT @AMAZlNGNATURE: This is how mushrooms bloom🍄 https://t.co/rkkqr4S3c,1
"RT @AMAZlNGNATURE: Fringe tree frogs 💕
🎥ig: romanne_c https://t.co/9sQNJBlA8",1
RT @AMAZlNGNATURE: Dancing baby Ray will make your day https://t.co/dSHnkZy8nf,1
RT @AMAZlNGNATURE: These beautiful llamas in Italy💕 https://t.co/g2zz6IEyO8,1
RT @AMAZlNGNATURE: Beekeepers have trained dogs to sniff out diseased larva and save entire hives. https://t.co/0fxgl8LLdG,1
RT @IconicYeezy: https://t.co/YXOg8goPfN,1
RT @subtweetshawn0: I was out numbered ... https://t.co/a64lffr7pm,1
"RT @OKardashWest: #KimYe are couple goals ❤️
@KimKardashian and @kanyewest have an amazing marriage because they were friends first! Look…",1
RT @colinags: this is how quick the 350s are selling out https://t.co/hz5tSYnia5,1
RT @yeezyenergy: I’m ready to witness the gods @kanyewest and @KidCudi together again 👻 https://t.co/5f7YpM9J89,1
RT @GetTheFuzzOut: y’all remember that time the muppets went to sesame street to work with kanye on this classic track? https://t.co/87O96m…,1
RT @overdramatique: Yajuj and Majuj (Gog and Magog) might just be bots,1
RT @OKardashWest: The side of @kanyewest the media doesn’t show you 🤷🏽‍♀️ https://t.co/All4izaXWW,1
RT @Mannyfreshcuts: @kanyewest That’s awesome @kanyewest it would be nice to see a strong African American woman in office! #changingameric…,1
"RT @OKardashWest: OMG 💛💛💛💚💚 @kanyewest is following me! I’m crying & screaming right now! I love you so much Ye, you are my inspiration, my…",1
https://t.co/hEtrbdC0yB,1
https://t.co/ulEyhumh60,1
Thank you Kerry James Marshall for the amazing work you put in the world https://t.co/A1nv3EiZhG,1
https://t.co/nIRyPP7Ex,1
https://t.co/yC5pQD4Vch,1
https://t.co/t72T2onvCc,1
https://t.co/yr8Yd9BYDV,1
https://t.co/jGxwvojn,1
https://t.co/XbvR4kxbuF,1
https://t.co/bCAN3chU,1
https://t.co/twncj5qoOq,1
https://t.co/fIg5m6dDKs,1
https://t.co/3XoNrf0J0H,1
Can't wait for these glow in the dark 350s 🙈🙈🙈🌪🌪🌪 https://t.co/xoko1QaGI8,1
I’m posting this to find who designed this bag I love the whole vibe of this piece Been trying to reach Joe… https://t.co/Gn3zfgE4xC,1
loved meeting with Jim Brown yesterday https://t.co/P7Eo6Tl6M,1
https://t.co/CmpnsRYim,1
700 V3 Mark Miner and the team killed it https://t.co/BX0LNgZ2KA,1
just on CNBC like... https://t.co/Te0LWUP3ub,1
have fun https://t.co/AS2qH66hmG,1
Steven Smith’s been reworking the bottom unit on the 451 I’m super excited about where he got it YEEZY 2019 https://t.co/xpSNq9DO6A,1
Sunday vibes https://t.co/ZV8DRPoAY,1
When you get the outerwear to match the hair https://t.co/Ed1UtEOp0F,1
happy wife happy life https://t.co/hbtad8Y8zF,1
"🔥🔥🔥🔥🔥🔥 Caiden Cop Shot The Kid
https://t.co/otyccZCACH",1
https://t.co/dIna5bHUaA,1
https://t.co/CeN22frAC,1
https://t.co/96h86L6cg1,1
need this rug https://t.co/GaFZE3Q0Ph,1
I love you brother congratulations https://t.co/bHZApDf3O,1
RT @TEYANATAYLOR: Teyana Taylor's album listening #KTSE https://t.co/WI9JxL0SVO,1
rest in peace 🙏🙏🙏 I never told you how much you inspired me when you were here thank you for existing https://t.co/QU7DR3Ghb,1
😍😍😍 https://t.co/lRkpsQ94iN,1
1...2...3...🔥🔥🔥🔥🔥 https://t.co/IPhCypJOhC,1
https://t.co/sxOn37QP0h,1
https://t.co/ZZyma1RDd,1
https://t.co/D6ubUZF11,1
https://t.co/0rZFimqlOb,1
https://t.co/hbtCFijEV,1
https://t.co/N7RRqUiY0f,1
https://t.co/v0dMpbHO4s,1
https://t.co/CLrZhCuPfV,1
https://t.co/t92ZyCK5Jv,1
https://t.co/tElIvc7ujx,1
https://t.co/9sp8bwb6K,1
https://t.co/tFwZXfZjH9,1
https://t.co/X4V2wyDhVq,1
https://t.co/onz2qOLATS,1
https://t.co/CJh6fxxT1W,1
https://t.co/ahgFhhq9QD,1
https://t.co/Qe113Iwx2N,1
https://t.co/0ZwE3jnBw4,1
Thank you to my wife for throwing me the most beautiful fun and intimate birthday party https://t.co/1ZR4DlCtMc,1
7 deadly sins https://t.co/YczOcBEMdY,1
RT @KimKardashian: BEST NEWS EVER!!!! 🙏🏼🙏🏼🙏🏼 https://t.co/JUbpbE1Bk0,1
🙏🙏🙏 all love to her family https://t.co/p3cu3CUdw5,1
https://t.co/FQUdTnViNC,1
"For all my dogs that stayed down, we up again 🙌🙌🙌 https://t.co/HSSyZeTI30",1
"Download the @WAV_Media app https://t.co/HxSvFHiSrY  to watch the livestream of my album listening tonight in Jackson hole, Wyomin",1
https://t.co/3YFh8MIHIH,1
album 1 PUSHA T DAYTONA dropping 2mrw https://t.co/M1UPvax5fa,1
https://t.co/o5GyOkB2h,1
The United Nations introduced the Sustainable Development goals and platform in 2015 to transform the world by 2030 https://t.co/ufbZlURwPA,1
https://t.co/5Fe6LJqAQ,1
original 350 sample https://t.co/MVn5J579t8,1
It’s about the feeling first https://t.co/4x2wkCMidR,1
https://t.co/pRxvzbTu7c,1
@yeezy https://t.co/hVoaVm3EUY,1
https://t.co/d3FttWufBL,1
https://t.co/jZ62l9x8GV,1
https://t.co/jCkREE9Nz,1
https://t.co/IeNUbKXIZH,1
this is so helpful. I'm always a student. I'm learning about love https://t.co/IknblRx4Pk,1
energy meeting. Beings from all different backgrounds https://t.co/iJteS5MMbY,1
https://t.co/oK90WQRSS,1
I freed a thousand slaves I could have freed a thousand more if only they knew they were slaves. - Harriet Tubman,1
once again I am being attacked for presenting new ideas,1
they hung the most powerful in order to force fear into the others,1
Kanye vs the media is modern day Willie Linch theory,1
They cut out our tongues so we couldn't communicate to each other. I will not allow my tongue to be cu,1
My point is for us to have stayed in that position even though the numbers were on our side means that we were mentally enslaved,1
to make myself clear. Of course I know that slaves did not get shackled and put on a boat by free ,1
https://t.co/XcsH9IaJGc Charlamagne interv,1
Eli with the drip https://t.co/FlNgliReGv,1
https://t.co/9YsMDpCvAY,1
this next text is not directly at Kweli. It just came to my phone at the same tim,1
https://t.co/HArXelN7AI,1
https://t.co/KTgTcvfsAC,1
https://t.co/HrkNlEAxMc,1
https://t.co/NmkDiG5IbM,1
we got love https://t.co/uTJpW9ddkX,1
we got love https://t.co/MQETaIchBf,1
Happy birthday Trav https://t.co/Jdo82LtW7a,1
RT @alialexanderorg: .@Ali warned conservatives and republicans: let @KanyeWest be #KanyeWest. https://t.co/fVxOa6PpuJ,1
ye vs the people @  https://t.co/shjFIROujA https://t.co/8f8WZpO8WH,1
lift yourself https://t.co/ggVztSeZeO,1
https://t.co/qkvKK6A3Mm,1
Lead with love https://t.co/tj2a9LFYKZ,1
🐉🔮🌫🌬,1
https://t.co/7PlBuFVc6G,1
https://t.co/ZxLgpv8s19,1
https://t.co/86zXN9v580,1
https://t.co/rfoaaN0mm,1
https://t.co/wQJo53QO4G,1
https://t.co/X7glcr2ois,1
https://t.co/4G1jCIMtbM,1
https://t.co/OfOiRcAKYu,1
https://t.co/I8XYjhwh3n,1
https://t.co/O7eZVaHZUH,1
https://t.co/iuubn9O1yI,1
https://t.co/D4AqbseBRp,1
159 employees to go https://t.co/a0KEeWML,1
can't wait to meet https://t.co/i7ixzuFpZC,1
https://t.co/DXh6H4qkKR,1
https://t.co/YyUw0mCKov,1
we got love https://t.co/Edk0WGscp6,1
more tweets from the sunken place 😂 https://t.co/nJQdQ2aVKn,1
North found a lady bug 🐜 🐛 🕷 😊🔥🔥🔥🔥🔥🔥🔥🔥🔥🔥🔥🔥🔥🔥🔥🔥🔥🔥🔥🔥🔥🔥🔥🔥🔥🔥🔥🔥🔥🔥🔥🔥 https://t.co/eZxxEucAL,1
https://t.co/PDW3X9TeMG,1
Prince opened up for Rick James. everybody starts some where https://t.co/7Gx5H23vgO,1
🙌🙌🙌 https://t.co/m5JGp9zKyM,1
https://t.co/IMuol6PDvm,1
https://t.co/tRDqm5hUdv,1
https://t.co/mxlrb7rBF,1
I feel calm but energized,1
David Hammons Higher Goals. https://t.co/1V7Tb3LuWm,1
George Condo Saint Pablo Tee https://t.co/iwCBjKLJL,1
Murakami vibes https://t.co/T0H74MSyB7,1
rough draft https://t.co/cpY3ohu7wn,1
🙈🙈🙈🔥🔥🔥🔥🔥🔥🔥🔥🔥🔥🔥🔥☠️☠️☠️ https://t.co/JvPQbhCVd3,1
🙈🙈🙈🔥🔥🔥🔥🔥🔥🔥🔥🔥🔥🔥🔥🔥 https://t.co/E7Kse1UH2B,1
transparent https://t.co/NZlJgaLDMD,1
Pull up in this bitch like https://t.co/0dgj9f5a,1
https://t.co/a8fkLtTuXD,1
still working to get these right https://t.co/sgJgAbJa3W,1
also this… https://t.co/uAzWmKuad4,1
I asked my friend to design this neck tat for me https://t.co/io0HUEDuW,1
My boy Ninja crazy 🤣😭🤦‍♂️ https://t.co/EpugxAZoDV,1
https://t.co/5DG4yQMONm https://t.co/XzvdDn,1
Culture https://t.co/xIjWshmxZG,1
Happy Holidays https://t.co/fxLFQQWJG7,1
Happy Holidays https://t.co/HjoaFFzQjO,1
Super inspiring https://t.co/IvS208fgTd https://t.co/oN7qJrmYPX,1
https://t.co/tNMBk0sZJ,1
I wanted to meet with Trump today to discuss multicultural issues,1
Happy Birthday babe https://t.co/Ee38e4LVFj,1
I got rid of my phone so I can have air to crea,1
https://t.co/3a2t2t2dG,1
mood https://t.co/ojd89snKt5,1
SAINT PABLO starting in 4 hrs https://t.co/UAUEhEg6CK,1
GLOW https://t.co/I7oiRTEIzS,1
MELBOURNE https://t.co/1zAS1vVkj2,1
SAN FRANCISCO https://t.co/0FWVpqIdJc,1
PHILADELPHIA https://t.co/zcAdpunbN8,1
PORTLAND https://t.co/OfKkQSe6h9,1
DALLAS https://t.co/ReNQMHJOIZ,1
NEW YORK https://t.co/3Ij8VF0pAH,1
LAS VEGAS https://t.co/m67IPL9zkE,1
First music video that is also an ad campaign directed by Steven Klein for @BALMAIN https://t.co/VJwvkKEx1,1
"NORI ASKED IF THE AIRPLANE COULD TAKE HER TO HEAVEN TO SEE YOU FOR YOUR BIRTHDAY, I LOVE YOU MOM https://t.co/4W9htygzX",1
I am very proud of my wife for her Forbes cover story. https://t.co/4eSWq6oQGZ,1
FAMOUS VIEWINGS IN WASHINGTON DC TONIGHT STARTING AT U STREET NW BETWEEN 10TH STREET NW AND VERMONT AVENUE NW @ 9:30PM,1
THAT PART https://t.co/mz1OdViuqs,1
ROOF OF THE PARRISH ART MUSEUM IN WATER MILL @ 12:30AM,1
FAMOUS VIEWINGS IN ATLANTA TONIGHT STARTING AT WESTVIEW DRIVE SW AND LEE STREET SW @ 10:30PM PEACHTREE STREET AND 11TH STREET NE @ 11:15PM,1
FAMOUS VIEWINGS IN DETROIT TONIGHT STARTING AT E JEFFERSON AND BEAUBIEN @ 9:30PM MAPLE LANE AND BURBANK LANE @ 10:15PM,1
FAMOUS VIEWINGS IN MIAMI TONIGHT STARTING @ 10:00PM NW 26TH STREET AND NW 2ND AVENUE,1
FAMOUS VIEWINGS IN CHICAGO TONIGHT STARTING @ 9:30PM SOUTH MICHIGAN AVENUE AND EAST MONROE STREET NORTH MICHIGAN AND EAST LAKE STREE,1
This was playing when I got in the car🙏🙏🙏 https://t.co/iZWwIpfG9J,1
Sooooo good! @therealkidult https://t.co/TmPvfb5Odq,1
Thank you Anna for the invite thank you to the whole Vogue team,1
https://t.co/Gk6fzhiZOk,1
Wes https://t.co/utUdOu,1
Thank you to everybody who made The Life of Pablo the number 1 album in the world!!!,1
https://t.co/KPOw5uHa5,1
Royère doesn't make a Polar bear bed but the Polar bear couch is my favorite piece of furniture we own https://t.co/tSJgikAUm,1
I love Rick Owens’ bed design but the back is too high for the beams and angle of the ceilin,1
I've been trying to figure out the bed design for the master bedroom at our Hidden Hills compound... https://t.co/aEPqoBGY4b,1
What if Kanye made a song about Kany,1
I gotta say at that time I’d like to meet Kany,1
Chop up the soul Kany,1
Pablo did 250 Million... This is not regular! https://t.co/EbXEgUdM1M,1
In Roman times the artist would contemplate proportions and colors. Now there is only one important color... Green,1
This is the people the culture the dreams the futu,1
Pablo in blood,1
https://t.co/hBD6EwrYNu,1
PABLO POP-UP SHOP MARCH 18-20 FRI 4-8 PM SAT SUN 12-8 PM AT 83 WOOSTER IN NYC https://t.co/j1t9Ng5JkO,1
Non artist trying to grab the paint brush,1
Steve Ballmer can I please redesign the Clippers masc,1
I believe in us,1
I care about peop,1
No more fashion calendar... I'm going Mad Max... 6 collections a year...3 albums a yea,1
The choir arrangement that Kirk orchestrated is the most powerful thing I've heard in my earthly existenc,1
A lot of people tell me Ultralight Beam is my greatest artwork to date only rival being Jesus Walks,1
Sorry I couldn’t be at Virgil’s show because I had a meeting in another city,1
I also hate all the stylists that copy Hedi Slimane and give their clients blatant YSL looks thinking that it will bring a younger clien,1
playing the new Kendrick… 1 thousand images on the desktop… Hennessy & what’s left of the ice and coke zero…,1
muse https://t.co/JeXMTsZKmQ,1
I’m very detailed oriented and I will know the difference so don’t try to just throw a bow on the original head…,1
Day 3 https://t.co/zPw0eFEFGF,1
Finally!!! Our guy!!! We're so so happy for Leo!!!,1
that showed how sharp and Bruce Lee status he is,1
I'm not a rapp,1
The world needs a guy like me. The world needs somebody to not be scared and tell his truth,1
and always remember that rock and roll was stolen and don't try to hide behind Jimmy Jam and Terry Lewis 😭😭😭 all positive vibes,1
Has anyone at the Grammys ever heard March Madness??? Yes I have a problem with the Grammys,1
Hi Grammys this is the most important living artist talkin,1
Do something relevant… Please don’t speak on me bro ever again!!!,1
Season 4 begins. Première Vision https://t.co/LAlvRnlUgG,1
every rapper is somebody’s favorite…,1
They provided resources for me to create… they supported me … I thank you so so much …,1
"this country was built off of dreamers … never give up on your dreams, bro…",1
My album will never never never be on Apple. And it will never be for sale... You can only get it on Tida,1
There are people who support artist and philanthropis,1
I know I can make the world a better place… I have done the impossible … I retook the throne of rap… I beat the fashion game…,1
"World, please tweet, FaceTime, Facebook, instagram, whatever you gotta do to get Mark to support me…",1
I put Lowlights on my album just thinking about all the moms driving they kids to school then going to work…,1
Man thank you so so so much everyone for signing up to Tidal. Tidal is now the number one app in the world!!! https://t.co/O3r9DkX03R,1
https://t.co/CGJ5PYLq67,1
Let's dance in the streets. I am consumed by my purpose to help the world,1
.... awwwwww... https://t.co/TLXZhIEvmQ,1
Bosses https://t.co/aMzmmTcPQb,1
https://t.co/mOps0CD20f,1
You have supported me since the beginning and I'm so happy to call you my friend!!!,1
6th Stop trying to demonize real artist Stop trying to compromise a,1
https://t.co/J0QHZ0Yzuh,1
https://t.co/iB8QCukkH,1
https://t.co/ohp0oxm6bJ,1
https://t.co/spVqZEhAc6,1
https://t.co/6vlSHSlS3X,1
https://t.co/rtllTiL46S,1
https://t.co/2rBncjo4Qz,1
Another Cover https://t.co/WOwEmmmlHI,1
"Replay Season 3 on Tidal
https://t.co/fD96iOJxA",1
Father Stretch My Hands.... I cried writing this.  I love my Dad https://t.co/bkbNnU0BEH,1
Zine party with Jackie Nickerson Virgil Abloh Heron Preston #goodjobwillo https://t.co/GEKOfLzOZ1,1
https://t.co/9tu8KNy6iE,1
https://t.co/oM2GnAdgGc,1
Wow this is pretty cool ... good job NIKE team... Lebron is my brother https://t.co/QrzpkRwWAk,1
BILL COSBY INNOCENT !!!!!!!!!!,1
I'm sorry Michael Jordan I love and respect you. My beef was with Mark Parker. I respect you so much!,1
Now they know https://t.co/6c3OXYmkPG,1
Material for Merch stand #goodjobwillo https://t.co/e7nMtSv0ej,1
@studio /final verses /new album title  T.L.O.P. https://t.co/yXKbFl9w6W,1
Location scouting for Zine party February 10th with @ Jackie Nickerson … #Goodjobwillow https://t.co/ff4OXU5f47,1
@ fitting https://t.co/5naqRxuy0U,1
@ fitting /shot by @asvpxrocky https://t.co/iGAeToTwly,1
@ fitting / wifeylook https://t.co/YCsIkrUHA,1
@ fitting @BrainaLaviena https://t.co/B11VW8Qcwx,1
@ fitting /@asaprocky https://t.co/QHeDGN4Zix,1
@fitting /knit https://t.co/Fgei1GglbU,1
@fitting. shearling fur side is too light. Need deeper color https://t.co/oKzbNNE5gq,1
@ fitting / 1050s https://t.co/X2C8zKLfKN,1
@fitting  /merch stands https://t.co/o563Y9tmCz,1
"Tweet:
@ fitting https://t.co/lAbgmeUv4",1
THANK YOU SO MUCH GUYS WE SOLD MADISON SQUARE GARDEN OUT IN 10 MINUTES!!!,1
"Madison Square Garden Album listening / Yeezy Season 3 presentation
Performance by Vanessa Beecroft
https://t.co/2mazeLxHN2",1
"Aye Billboard you could use the term “unauthorized"" but never refer to anything that me and Tyler do as fake out of respect to musicians…",1
"I bet you this still becomes the cover though... Let's do another poll.....
#trollingston",1
ROLLING STONE SHOT BY TYLER THE CREATOR https://t.co/lOMtOdOE,1
So many musicians touch my life and made me who I am… I want to make something great to honor my idols…,1
"SEASON 3 / WAVES / MADISON SQUARE GARDEN / INTERNATIONAL CINEMAS
https://t.co/6u1aPYUwQ8 https://t.co/SkEeTGgoMu",1
CONGRATULATIONS TO MY BROTHER VIRGIL ABLOH ON THE NEW BORN,1
I’m happy that I now know that KK means weed… please excuse the confusion … now back to #WAVES,1
Man it’s a sad a day… Wiz lost 2 million followers since I tweeted I didn’t mean to either him like tha,1
#wifey #season3 https://t.co/Cn7qx5MbNk,1
#waves https://t.co/fyER7NH8DC,1
Uncle Larry is with us in the lab https://t.co/FCRiOtrZP1,1
"We just wanna thank Madlib for these 6 beat CDs he sent over
#scary https://t.co/rSKnOH5s9b",1
squad https://t.co/WVYnjNtdRA,1
squad https://t.co/wdOKb4bJt1,1
Had to do it https://t.co/jsEPvnjKB8,1
😢 https://t.co/cDbAdPamwO,1
I told my wife... #whichonelookbetter #allmattedout #newgrillcomingsoonallchrome #blessed https://t.co/hpTOCBSlED,1
No More Parties in LA featuring Kendrick Lamar intro produced by me/track by Madlib https://t.co/Mf6apCqn2D https://t.co/qNvP6yTTBq,1
I’m so proud of my wife! This KIMOJI idea is so dope... https://t.co/fsWK5FOGTE,1
I’m finishing my album and my next collection…,1
"Pusha T “Untouchable”, produced by Timbaland. https://t.co/I1rybEb6X",1
Color http://t.co/0ZTDPK4M4A,1
http://t.co/ppIEIe72fJ,1
http://t.co/Zm5drAzp09,1
http://t.co/Cj3qBUubL,1
http://t.co/47sjFXFIXS,1
http://t.co/82xFmk3,1
http://t.co/GwxWvhWTnA,1
http://t.co/Frxp3F2YkS,1
http://t.co/yya7D1l48,1
http://t.co/BlUO6GXOMG,1
http://t.co/v3YFh6OudF,1
http://t.co/ZtrczR5jUm,1
http://t.co/ezcZxxAFF2,1
RODEO http://t.co/vqM96I29T8,1
3500 http://t.co/0pTDcFb7dj,1
"Kim, I’m so happy to be married to the girl of my dreams… I love you and Nori so much!!! I would find you in any lifetim",1
The love of music is louder than words. http://t.co/dvYp0pl3An http://t.co/1B4edv3jR,1
New PAPER mag http://t.co/nU2dRO57SK,1
New Tyler https://t.co/2vNarGnL5I,1
SWISH!!!!!! http://t.co/07ZjyPi2dh,1
SWISH!!! http://t.co/phxpNGOb69,1
SWISH!!!! http://t.co/qEyDXcN8Xj,1
CONGRATS BABY ON 30 MILLION TWITTER FOLLOWERS http://t.co/ev1g3MXxhG,1
"ALL DAY (feat. Theophilus London, Allan Kingdom & Paul McCartney) http://t.co/AOMo6EtEDT http://t.co/1xvft3175J http://t.co/LfasWNl679",1
GOOD LUCK TO MY FAMILY COMMON AND JOHN LEGEND ON THEIR OSCAR NOMINATION!!!!! SO PROUD OF YOU GUYS!!!!,1
"Fame is often looked down upon in the design world, so it’s actually been something I had to overcom",1
camera angles 00:00:00:05:56:33:30 http://t.co/mSKqlp9t2,1
00:00:03:21:45:33:05 http://t.co/8T1uPQw7bK,1
http://t.co/0vKr199CzM,1
"ONLY ONE directed by Spike Jonze, concept by Vanessa Beecroft http://t.co/QharTmKV5N
https://t.co/E8drMkoPDB",1
ONLY ONE ft. Paul McCartney http://t.co/AolpyJ6ny5 http://t.co/45EiXLvcuf photo @inezandvinoodh http://t.co/0Ci8OcApDq,1
@BigSean http://t.co/wP0JrZy45A http://t.co/DPAIwowEGZ,1
Thank you Robin for all of the joy you brought the world http://t.co/c0YABjcLM,1
http://t.co/HWIjFy0M0D,1
http://t.co/WEmwgYwNJD,1
http://t.co/TPMcn7kr8W,1
http://t.co/sVczpkwDuc,1
http://t.co/oJkyP36sXk,1
http://t.co/s6F8SciGbG,1
A.P.C. KANYE http://t.co/bMty2Fnjob,1
"One of my favorite artists Lana Del Rey’s new album.
http://t.co/14BIkuVvW2 http://t.co/TDk8OmPMUF",1
"http://t.co/8CaiGU28Jq
#Allinornothin",1
http://t.co/4fUQMtMhe9,1
http://t.co/CIKgSJ3bRc,1
hi Mom http://t.co/rP0xlyt4Eq,1
"My friend Lisa Robinson just released her book, There Goes Gravity. http://t.co/oayjIhFcmy. Pretty legendary photos in it!!!",1
I love my family http://t.co/SDZohbsoaA,1
Dreams come true http://t.co/JlNzCKwZ0h http://t.co/sC3KNTl7fH,1
#TRILL Thank you @voguemagazine http://t.co/C4O8XOeJjS,1
check out @SteveStoute classic Tanning of America marathon starting at 7pm on vh1 #hiphopchangedus,1
I'm performing tonight on @LateNightSeth,1
"The doors may be heavier, but I promise you WE WILL BREAK THEM",1
"Ten years later I am still the same kid from Chicago, still dreaming out loud, still banging on the d",1
I wake up every day trying to give something back to you that you can rock to and be proud of,1
"I am honored and humbled by my fans, for the unwavering support and love over the past ten years",1
"gave of their heart to that project, and to all the projects that followed, and are to com",1
"I am extremely grateful to each and every person along that road who helped, lent an ear, lent their voice,",1
"to not only convince my peers and the public that I could be an artist, but to actually get that art out for the world to hea",1
"I say ""finally"" because it was a long road, a constant struggle, and a true labor of lov",1
Ten years ago today we finally released what had been my life's work up to that point: The College Dropou,1
A.P.C. http://t.co/RMdltT4vO,1
YEEZUS TOUR ON SALE NOW http://t.co/shjFIROujA,1
YEEZUS TOUR PRE-SALE NOW http://t.co/ctery9mHJA,1
OFF-WHITE Virgil Abloh http://t.co/GSceFeMA4U,1
"Thank you, Mandela, for your life's work and may it serve as a guiding light to illuminate our futu",1
At a young age my mother taught me the importance of his work. Mandela sacrificed his life for the betterment of mankind,1
I'd like to address the false stories and noise that have been engineered by the media,1
"Despite recent media reports, I've never said anything to dishonor or trivialize the life or transition of one of the most inspiring leaders",1
"Respect to Mandela, his family and his legacy",1
YEEZUS TOUR MERCH AVAILABLE BLACK FRIDAY http://t.co/M56v4jI0X2,1
You inspire us all to be greater and have broken the original doors down that gave us the platform: http://t.co/fFrj884wP6,1
"Thank you Russel for these kind insightful words, I appreciate your mentorship",1
"LOU REED INTERVIEW IN SYDNEY 1974.
http://t.co/U7gS3yd98",1
BOUND 2 VIDEO @ http://t.co/shjFIROujA http://t.co/ojSNK8IRWI,1
YEEZUS TOUR OFFICIALLY BACK ON THE ROAD http://t.co/VQmRN6Z3tY,1
I DO NOT HAVE AN INSTAGRAM…,1
Thank you MAISON MARTIN @MARGIELA and @RenzoRosso It was one of the greatest experiences to work with the maison!!! http://t.co/zvUtw0oiip,1
“@KimKardashian: #NoFilter http://t.co/EWveUYTi3y” HEADING HOME NOW,1
So proud of my baby @kimkardashian http://t.co/cArxWft6E,1
MY NAME IS MY NAME. PRE-ORDER ON ITUNES NOW. http://t.co/Sy0S7t4PAp,1
YEEZUS TOUR WITH KENDRICK ON SALE NOW. http://t.co/Qb5QmxrB7U,1
Karl shooting my 2 girls @CarineRoitfeld @RiccardoTisci @KarlLagerfeld http://t.co/HJWw3Cotxq http://t.co/S04Bz4IZBB,1
TOUR http://t.co/KRKLbkY9B8,1
"I loved working on this new John Legend album, LOVE IN THE FUTURE, out now. @johnlegend https://t.co/cc1rzT2P6L http://t.co/65caceLwb",1
PUSHA-T: MY NAME IS MY NAME. COVER 2. OCT 8TH. http://t.co/qClE4r8Mxn,1
PUSHA-T: MY NAME IS MY NAME. COVER 1. OCT 8TH. http://t.co/8KTBqca2WI,1
BIG SEAN. HALL OF FAME. IN-STORE TODAY,1
BLOOD ON THE LEAVES http://t.co/1xvft3iIuj http://t.co/aEt5UW3biI,1
New Big Sean video - creative direction by Matt Williams from DONDA,1
please don't diminish the user experience by just posting it as a normal video … please link them to my s,1
if you put a link to my site people will be able to chop & screw the video. this is a step towards the possibilities of internet based vid,1
ATTENTION all sites just posting merely the video version of BLKKK SKKKN HEAD,1
BLKKK SKKKN HEAD http://t.co/ctery9mHJA,1
BLKKK SKKKN HEAD INFO http://t.co/ROYekqB2aR,1
"I open the debate… The 2nd verse of New Slaves is the best rap verse of all time….meaning … OF ALL TIME IN THE HISTORY OF RAP MUSIC, PERIOD",1
http://t.co/hkUH7FrnNh,1
And to who ever leaked the video… FUK YOU!,1
Allow me and Nick to give the world what we've been losing sleep ov,1
So any website that may have the unapproved / unfinished ruff. I ask you to please take it down,1
The final version will be ready within the next week,1
Me and Nick Knight have been working on this video for 5 months and for creatives it's heartbreaking when something like this happens,1
The BLKKK SKKKN HD video that leaked yesterday was not the official version,1
Thank you Jean Touitou for letting me create with you http://t.co/ctery9mHJA,1
"This is not another ""Robot"" movie. Guillermo del Toro is a mas",1
I saw a pre-screening of Pacific Rim yesterday and it's easily one of my favorite movies of all tim,1
one of the other gifts my girl gave me for fathers day http://t.co/WnlZaMhV,1
ENTER FOR A CHANCE TO WIN A PAIR OF THE RED NIKE AIR YEEZY 2 http://t.co/xWXjqFQu,1
YEEZUS ALBUM NOW AVAILABLE AT http://t.co/7BZwfPawwZ,1
NEW MUSIC AT NEW PROJECTION LOCATIONS @ http://t.co/7BZwfPawwZ,1
BLK SKN HEAD 2 http://t.co/eRErgwx8hc,1
BLK SKN HEAD http://t.co/CVnr8iUkzN,1
"NEW SONG AND VISUAL FROM MY NEW ALBUM BEING PROJECTED TONIGHT ACROSS THE GLOBE ON 66 BUILDINGS, LOCATIONS @ http://t.co/7BZwfPawwZ",1
“The world as we have created it is a process of our thinking. It cannot be changed without changing our thinking.”,0
"“It is our choices, Harry, that show what we truly are, far more than our abilities.”",0
“There are only two ways to live your life. One is as though nothing is a miracle. The other is as though everything is a miracle.”,0
"“The person, be it gentleman or lady, who has not pleasure in a good novel, must be intolerably stupid.”",0
"“Imperfection is beauty, madness is genius and it's better to be absolutely ridiculous than absolutely boring.”",0
“Try not to become a man of success. Rather become a man of value.”,0
“It is better to be hated for what you are than to be loved for what you are not.”,0
"“I have not failed. I've just found 10,000 ways that won't work.”",0
“A woman is like a tea bag; you never know how strong it is until it's in hot water.”,0
"“A day without sunshine is like, you know, night.”",0
"“This life is what you make it. No matter what, you're going to mess up sometimes, it's a universal truth. But the good part is you get to decide how you're going to mess it up. Girls will be your friends - they'll act like it anyway. But just remember, some come, some go. The ones that stay with you through everything - they're your true best friends. Don't let go of them. Also remember, sisters make the best friends in the world. As for lovers, well, they'll come and go too. And baby, I hate to say it, most of them - actually pretty much all of them are going to break your heart, but you can't give up because if you give up, you'll never find your soulmate. You'll never find that half who makes you whole and that goes for everything. Just because you fail once, doesn't mean you're gonna fail at everything. Keep trying, hold on, and always, always, always believe in yourself, because if you don't, then who will, sweetie? So keep your head high, keep your chin up, and most importantly, keep smiling, because life's a beautiful thing and there's so much to smile about.”",0
"“It takes a great deal of bravery to stand up to our enemies, but just as much to stand up to our friends.”",0
"“If you can't explain it to a six year old, you don't understand it yourself.”",0
"“You may not be her first, her last, or her only. She loved before she may love again. But if she loves you now, what else matters? She's not perfect—you aren't either, and the two of you may never be perfect together but if she can make you laugh, cause you to think twice, and admit to being human and making mistakes, hold onto her and give her the most you can. She may not be thinking about you every second of the day, but she will give you a part of her that she knows you can break—her heart. So don't hurt her, don't change her, don't analyze and don't expect more than she can give. Smile when she makes you happy, let her know when she makes you mad, and miss her when she's not there.”",0
"“I like nonsense, it wakes up the brain cells. Fantasy is a necessary ingredient in living.”",0
"“I may not have gone where I intended to go, but I think I have ended up where I needed to be.”",0
"“The opposite of love is not hate, it's indifference. The opposite of art is not ugliness, it's indifference. The opposite of faith is not heresy, it's indifference. And the opposite of life is not death, it's indifference.”",0
"“It is not a lack of love, but a lack of friendship that makes unhappy marriages.”",0
"“Good friends, good books, and a sleepy conscience: this is the ideal life.”",0
“Life is what happens to us while we are making other plans.”,0
"“I love you without knowing how, or when, or from where. I love you simply, without problems or pride: I love you in this way because I do not know any other way of loving but this, in which there is no I or you, so intimate that your hand upon my chest is my hand, so intimate that when I fall asleep your eyes close.”",0
“For every minute you are angry you lose sixty seconds of happiness.”,0
"“If you judge people, you have no time to love them.”",0
“Anyone who thinks sitting in church can make you a Christian must also think that sitting in a garage can make you a car.”,0
“Beauty is in the eye of the beholder and it may be necessary from time to time to give a stupid or misinformed beholder a black eye.”,0
"“Today you are You, that is truer than true. There is no one alive who is Youer than You.”",0
"“If you want your children to be intelligent, read them fairy tales. If you want them to be more intelligent, read them more fairy tales.”",0
"“It is impossible to live without failing at something, unless you live so cautiously that you might as well not have lived at all - in which case, you fail by default.”",0
“Logic will get you from A to Z; imagination will get you everywhere.”,0
"“One good thing about music, when it hits you, you feel no pain.”",0
"“The more that you read, the more things you will know. The more that you learn, the more places you'll go.”",0
"“Of course it is happening inside your head, Harry, but why on earth should that mean that it is not real?”",0
"“The truth is, everyone is going to hurt you. You just got to find the ones worth suffering for.”",0
“Not all of us can do great things. But we can do small things with great love.”,0
"“To the well-organized mind, death is but the next great adventure.”",0
“All you need is love. But a little chocolate now and then doesn't hurt.”,0
“We read to know we're not alone.”,0
“Any fool can know. The point is to understand.”,0
“I have always imagined that Paradise will be a kind of library.”,0
“It is never too late to be what you might have been.”,0
"“A reader lives a thousand lives before he dies, said Jojen. The man who never reads lives only one.”",0
“You can never get a cup of tea large enough or a book long enough to suit me.”,0
“You believe lies so you eventually learn to trust no one but yourself.”,0
"“If you can make a woman laugh, you can make her do anything.”",0
"“Life is like riding a bicycle. To keep your balance, you must keep moving.”",0
“The real lover is the man who can thrill you by kissing your forehead or smiling into your eyes or just staring into space.”,0
"“A wise girl kisses but doesn't love, listens but doesn't believe, and leaves before she is left.”",0
“Only in the darkness can you see the stars.”,0
"“It matters not what someone is born, but what they grow to be.”",0
"“Love does not begin and end the way we seem to think it does. Love is a battle, love is a war; love is a growing up.”",0
"“There is nothing I would not do for those who are really my friends. I have no notion of loving people by halves, it is not my nature.”",0
“Do one thing every day that scares you.”,0
"“I am good, but not an angel. I do sin, but I am not the devil. I am just a small girl in a big world trying to find someone to love.”",0
"“If I were not a physicist, I would probably be a musician. I often think in music. I live my daydreams in music. I see my life in terms of music.”",0
"“If you only read the books that everyone else is reading, you can only think what everyone else is thinking.”",0
“The difference between genius and stupidity is: genius has its limits.”,0
"“He's like a drug for you, Bella.”",0
“There is no friend as loyal as a book.”,0
"“When one door of happiness closes, another opens; but often we look so long at the closed door that we do not see the one which has been opened for us.”",0
“Life isn't about finding yourself. Life is about creating yourself.”,0
"“That's the problem with drinking, I thought, as I poured myself a drink. If something bad happens you drink in an attempt to forget; if something good happens you drink in order to celebrate; and if nothing happens you drink to make something happen.”",0
“You don’t forget the face of the person who was your last hope.”,0
"“Remember, we're madly in love, so it's all right to kiss me anytime you feel like it.”",0
"“To love at all is to be vulnerable. Love anything and your heart will be wrung and possibly broken. If you want to make sure of keeping it intact you must give it to no one, not even an animal. Wrap it carefully round with hobbies and little luxuries; avoid all entanglements. Lock it up safe in the casket or coffin of your selfishness. But in that casket, safe, dark, motionless, airless, it will change. It will not be broken; it will become unbreakable, impenetrable, irredeemable. To love is to be vulnerable.”",0
“Not all those who wander are lost.”,0
"“Do not pity the dead, Harry. Pity the living, and, above all those who live without love.”",0
“There is nothing to writing. All you do is sit down at a typewriter and bleed.”,0
“Finish each day and be done with it. You have done what you could. Some blunders and absurdities no doubt crept in; forget them as soon as you can. Tomorrow is a new day. You shall begin it serenely and with too high a spirit to be encumbered with your old nonsense.”,0
“I have never let my schooling interfere with my education.”,0
“I have heard there are troubles of more than one kind. Some come from ahead and some come from behind. But I've bought a big bat. I'm all ready you see. Now my troubles are going to have troubles with me!”,0
“If I had a flower for every time I thought of you...I could walk through my garden forever.”,0
“Some people never go crazy. What truly horrible lives they must lead.”,0
"“The trouble with having an open mind, of course, is that people will insist on coming along and trying to put things in it.”",0
"“Think left and think right and think low and think high. Oh, the thinks you can think up if only you try!”",0
"“What really knocks me out is a book that, when you're all done reading it, you wish the author that wrote it was a terrific friend of yours and you could call him up on the phone whenever you felt like it. That doesn't happen much, though.”",0
“The reason I talk to myself is because I’m the only one whose answers I accept.”,0
"“You may say I'm a dreamer, but I'm not the only one. I hope someday you'll join us. And the world will live as one.”",0
“I am free of all prejudice. I hate everyone equally. ”,0
“The question isn't who is going to let me; it's who is going to stop me.”,0
“′Classic′ - a book which people praise and don't read.”,0
“Anyone who has never made a mistake has never tried anything new.”,0
"“A lady's imagination is very rapid; it jumps from admiration to love, from love to matrimony in a moment.”",0
"“Remember, if the time should come when you have to make a choice between what is right and what is easy, remember what happened to a boy who was good, and kind, and brave, because he strayed across the path of Lord Voldemort. Remember Cedric Diggory.”",0
"“I declare after all there is no enjoyment like reading! How much sooner one tires of any thing than of a book! -- When I have a house of my own, I shall be miserable if I have not an excellent library.”",0
"“There are few people whom I really love, and still fewer of whom I think well. The more I see of the world, the more am I dissatisfied with it; and every day confirms my belief of the inconsistency of all human characters, and of the little dependence that can be placed on the appearance of merit or sense.”",0
“Some day you will be old enough to start reading fairy tales again.”,0
“We are not necessarily doubting that God will do the best for us; we are wondering how painful the best will turn out to be.”,0
“The fear of death follows from the fear of life. A man who lives fully is prepared to die at any time.”,0
“A lie can travel half way around the world while the truth is putting on its shoes.”,0
"“I believe in Christianity as I believe that the sun has risen: not only because I see it, but because by it I see everything else.”",0
"“The truth."" Dumbledore sighed. ""It is a beautiful and terrible thing, and should therefore be treated with great caution.”",0
"“I'm the one that's got to die when it's time for me to die, so let me live my life the way I want to.”",0
“To die will be an awfully big adventure.”,0
“It takes courage to grow up and become who you really are.”,0
“But better to get hurt by the truth than comforted with a lie.”,0
“You never really understand a person until you consider things from his point of view... Until you climb inside of his skin and walk around in it.”,0
"“You have to write the book that wants to be written. And if the book will be too difficult for grown-ups, then you write it for children.”",0
“Never tell the truth to people who are not worthy of it.”,0
"“A person's a person, no matter how small.”",0
"“... a mind needs books as a sword needs a whetstone, if it is to keep its edge.”",0
